STRUCTURE,STRUCTURE_ID,STRUCTURE_NAME,freq,Time frequency,unit,Unit of measure,geo,Geopolitical entity (reporting),TIME_PERIOD,Time,OBS_VALUE,Observation value,OBS_FLAG,Observation status (Flag) V2 structure,CONF_STATUS,Confidentiality status (flag)
dataflow,ESTAT:RAIL_PA_TOTAL(1.0),Passengers transported,A,Annual,MIO_PKM,Millions of passenger-kilometres,AT,Austria,2004,,8274,,,,,
dataflow,ESTAT:RAIL_PA_TOTAL(1.0),Passengers transported,A,Annual,MIO_PKM,Millions of passenger-kilometres,AT,Austria,2005,,8685,,,,,
dataflow,ESTAT:RAIL_PA_TOTAL(1.0),Passengers transported,A,Annual,MIO_PKM,Millions of passenger-kilometres,AT,Austria,2006,,8907,,,,,
dataflow,ESTAT:RAIL_PA_TOTAL(1.0),Passengers transported,A,Annual,MIO_PKM,Millions of passenger-kilometres,AT,Austria,2007,,9167,,,,,
dataflow,ESTAT:RAIL_PA_TOTAL(1.0),Passengers transported,A,Annual,MIO_PKM,Millions of passenger-kilometres,AT,Austria,2008,,10365,,,,,
dataflow,ESTAT:RAIL_PA_TOTAL(1.0),Passengers transported,A,Annual,MIO_PKM,Millions of passenger-kilometres,AT,Austria,2009,,10184,,,,,
dataflow,ESTAT:RAIL_PA_TOTAL(1.0),Passengers transported,A,Annual,MIO_PKM,Millions of passenger-kilometres,AT,Austria,2010,,10263,,,,,
dataflow,ESTAT:RAIL_PA_TOTAL(1.0),Passengers transported,A,Annual,MIO_PKM,Millions of passenger-kilometres,AT,Austria,2011,,10778,,,,,
dataflow,ESTAT:RAIL_PA_TOTAL(1.0),Passengers transported,A,Annual,MIO_PKM,Millions of passenger-kilometres,AT,Austria,2012,,11211,,,,,
dataflow,ESTAT:RAIL_PA_TOTAL(1.0),Passengers transported,A,Annual,MIO_PKM,Millions of passenger-kilometres,AT,Austria,2013,,11804,,,,,
dataflow,ESTAT:RAIL_PA_TOTAL(1.0),Passengers transported,A,Annual,MIO_PKM,Millions of passenger-kilometres,AT,Austria,2014,,11981,,,,,
dataflow,ESTAT:RAIL_PA_TOTAL(1.0),Passengers transported,A,Annual,MIO_PKM,Millions of passenger-kilometres,AT,Austria,2015,,12104,,,,,
dataflow,ESTAT:RAIL_PA_TOTAL(1.0),Passengers transported,A,Annual,MIO_PKM,Millions of passenger-kilometres,AT,Austria,2016,,12497,,,,,
dataflow,ESTAT:RAIL_PA_TOTAL(1.0),Passengers transported,A,Annual,MIO_PKM,Millions of passenger-kilometres,AT,Austria,2017,,12562,,,,,
dataflow,ESTAT:RAIL_PA_TOTAL(1.0),Passengers transported,A,Annual,MIO_PKM,Millions of passenger-kilometres,AT,Austria,2018,,13122,,,,,
dataflow,ESTAT:RAIL_PA_TOTAL(1.0),Passengers transported,A,Annual,MIO_PKM,Millions of passenger-kilometres,AT,Austria,2019,,13252,,,,,
dataflow,ESTAT:RAIL_PA_TOTAL(1.0),Passengers transported,A,Annual,MIO_PKM,Millions of passenger-kilometres,AT,Austria,2020,,7375,,,,,
dataflow,ESTAT:RAIL_PA_TOTAL(1.0),Passengers transported,A,Annual,MIO_PKM,Millions of passenger-kilometres,AT,Austria,2021,,8447,,,,,
dataflow,ESTAT:RAIL_PA_TOTAL(1.0),Passengers transported,A,Annual,MIO_PKM,Millions of passenger-kilometres,AT,Austria,2022,,12855,,,,,
dataflow,ESTAT:RAIL_PA_TOTAL(1.0),Passengers transported,A,Annual,MIO_PKM,Millions of passenger-kilometres,AT,Austria,2023,,14435,,,,,
dataflow,ESTAT:RAIL_PA_TOTAL(1.0),Passengers transported,A,Annual,MIO_PKM,Millions of passenger-kilometres,AT,Austria,2024,,14842,,,,,
dataflow,ESTAT:RAIL_PA_TOTAL(1.0),Passengers transported,A,Annual,MIO_PKM,Millions of passenger-kilometres,BA,Bosnia and Herzegovina,2014,,35,,,,,
dataflow,ESTAT:RAIL_PA_TOTAL(1.0),Passengers transported,A,Annual,MIO_PKM,Millions of passenger-kilometres,BA,Bosnia and Herzegovina,2015,,34,,,,,
dataflow,ESTAT:RAIL_PA_TOTAL(1.0),Passengers transported,A,Annual,MIO_PKM,Millions of passenger-kilometres,BA,Bosnia and Herzegovina,2016,,24,,,,,
dataflow,ESTAT:RAIL_PA_TOTAL(1.0),Passengers transported,A,Annual,MIO_PKM,Millions of passenger-kilometres,BA,Bosnia and Herzegovina,2017,,29,,,,,
dataflow,ESTAT:RAIL_PA_TOTAL(1.0),Passengers transported,A,Annual,MIO_PKM,Millions of passenger-kilometres,BA,Bosnia and Herzegovina,2018,,39,,,,,
dataflow,ESTAT:RAIL_PA_TOTAL(1.0),Passengers transported,A,Annual,MIO_PKM,Millions of passenger-kilometres,BA,Bosnia and Herzegovina,2019,,56,,,,,
dataflow,ESTAT:RAIL_PA_TOTAL(1.0),Passengers transported,A,Annual,MIO_PKM,Millions of passenger-kilometres,BA,Bosnia and Herzegovina,2020,,14,,,,,
dataflow,ESTAT:RAIL_PA_TOTAL(1.0),Passengers transported,A,Annual,MIO_PKM,Millions of passenger-kilometres,BA,Bosnia and Herzegovina,2021,,18,,,,,
dataflow,ESTAT:RAIL_PA_TOTAL(1.0),Passengers transported,A,Annual,MIO_PKM,Millions of passenger-kilometres,BA,Bosnia and Herzegovina,2022,,31,,,,,
dataflow,ESTAT:RAIL_PA_TOTAL(1.0),Passengers transported,A,Annual,MIO_PKM,Millions of passenger-kilometres,BA,Bosnia and Herzegovina,2023,,34,,,,,
dataflow,ESTAT:RAIL_PA_TOTAL(1.0),Passengers transported,A,Annual,MIO_PKM,Millions of passenger-kilometres,BE,Belgium,2004,,9225,,,,,
dataflow,ESTAT:RAIL_PA_TOTAL(1.0),Passengers transported,A,Annual,MIO_PKM,Millions of passenger-kilometres,BE,Belgium,2005,,8510,,,,,
dataflow,ESTAT:RAIL_PA_TOTAL(1.0),Passengers transported,A,Annual,MIO_PKM,Millions of passenger-kilometres,BE,Belgium,2006,,8964,,,,,
dataflow,ESTAT:RAIL_PA_TOTAL(1.0),Passengers transported,A,Annual,MIO_PKM,Millions of passenger-kilometres,BE,Belgium,2007,,9403,,,,,
dataflow,ESTAT:RAIL_PA_TOTAL(1.0),Passengers transported,A,Annual,MIO_PKM,Millions of passenger-kilometres,BE,Belgium,2008,,10139,,,,,
dataflow,ESTAT:RAIL_PA_TOTAL(1.0),Passengers transported,A,Annual,MIO_PKM,Millions of passenger-kilometres,BE,Belgium,2009,,10237,,,,,
dataflow,ESTAT:RAIL_PA_TOTAL(1.0),Passengers transported,A,Annual,MIO_PKM,Millions of passenger-kilometres,BE,Belgium,2010,,10498,,,,,
dataflow,ESTAT:RAIL_PA_TOTAL(1.0),Passengers transported,A,Annual,MIO_PKM,Millions of passenger-kilometres,BE,Belgium,2011,,10669,,,,,
dataflow,ESTAT:RAIL_PA_TOTAL(1.0),Passengers transported,A,Annual,MIO_PKM,Millions of passenger-kilometres,BE,Belgium,2013,,,,,,C,confidential
dataflow,ESTAT:RAIL_PA_TOTAL(1.0),Passengers transported,A,Annual,MIO_PKM,Millions of passenger-kilometres,BE,Belgium,2014,,,,,,C,confidential
dataflow,ESTAT:RAIL_PA_TOTAL(1.0),Passengers transported,A,Annual,MIO_PKM,Millions of passenger-kilometres,BE,Belgium,2015,,,,,,C,confidential
dataflow,ESTAT:RAIL_PA_TOTAL(1.0),Passengers transported,A,Annual,MIO_PKM,Millions of passenger-kilometres,BE,Belgium,2016,,,,,,C,confidential
dataflow,ESTAT:RAIL_PA_TOTAL(1.0),Passengers transported,A,Annual,MIO_PKM,Millions of passenger-kilometres,BE,Belgium,2017,,,,,,C,confidential
dataflow,ESTAT:RAIL_PA_TOTAL(1.0),Passengers transported,A,Annual,MIO_PKM,Millions of passenger-kilometres,BE,Belgium,2018,,,,,,C,confidential
dataflow,ESTAT:RAIL_PA_TOTAL(1.0),Passengers transported,A,Annual,MIO_PKM,Millions of passenger-kilometres,BE,Belgium,2019,,,,,,C,confidential
dataflow,ESTAT:RAIL_PA_TOTAL(1.0),Passengers transported,A,Annual,MIO_PKM,Millions of passenger-kilometres,BE,Belgium,2020,,,,,,C,confidential
dataflow,ESTAT:RAIL_PA_TOTAL(1.0),Passengers transported,A,Annual,MIO_PKM,Millions of passenger-kilometres,BE,Belgium,2021,,,,,,C,confidential
dataflow,ESTAT:RAIL_PA_TOTAL(1.0),Passengers transported,A,Annual,MIO_PKM,Millions of passenger-kilometres,BE,Belgium,2022,,,,,,C,confidential
dataflow,ESTAT:RAIL_PA_TOTAL(1.0),Passengers transported,A,Annual,MIO_PKM,Millions of passenger-kilometres,BE,Belgium,2023,,,,,,C,confidential
dataflow,ESTAT:RAIL_PA_TOTAL(1.0),Passengers transported,A,Annual,MIO_PKM,Millions of passenger-kilometres,BE,Belgium,2024,,,,,,C,confidential
dataflow,ESTAT:RAIL_PA_TOTAL(1.0),Passengers transported,A,Annual,MIO_PKM,Millions of passenger-kilometres,BG,Bulgaria,2006,,2411,,,,,
dataflow,ESTAT:RAIL_PA_TOTAL(1.0),Passengers transported,A,Annual,MIO_PKM,Millions of passenger-kilometres,BG,Bulgaria,2007,,2404,,,,,
dataflow,ESTAT:RAIL_PA_TOTAL(1.0),Passengers transported,A,Annual,MIO_PKM,Millions of passenger-kilometres,BG,Bulgaria,2008,,2317,,,,,
dataflow,ESTAT:RAIL_PA_TOTAL(1.0),Passengers transported,A,Annual,MIO_PKM,Millions of passenger-kilometres,BG,Bulgaria,2009,,2138,,,,,
dataflow,ESTAT:RAIL_PA_TOTAL(1.0),Passengers transported,A,Annual,MIO_PKM,Millions of passenger-kilometres,BG,Bulgaria,2010,,2090,,,,,
dataflow,ESTAT:RAIL_PA_TOTAL(1.0),Passengers transported,A,Annual,MIO_PKM,Millions of passenger-kilometres,BG,Bulgaria,2011,,2059,,,,,
dataflow,ESTAT:RAIL_PA_TOTAL(1.0),Passengers transported,A,Annual,MIO_PKM,Millions of passenger-kilometres,BG,Bulgaria,2012,,1870,,,,,
dataflow,ESTAT:RAIL_PA_TOTAL(1.0),Passengers transported,A,Annual,MIO_PKM,Millions of passenger-kilometres,BG,Bulgaria,2013,,1821,,,,,
dataflow,ESTAT:RAIL_PA_TOTAL(1.0),Passengers transported,A,Annual,MIO_PKM,Millions of passenger-kilometres,BG,Bulgaria,2014,,1698,,,,,
dataflow,ESTAT:RAIL_PA_TOTAL(1.0),Passengers transported,A,Annual,MIO_PKM,Millions of passenger-kilometres,BG,Bulgaria,2015,,1549,,,,,
dataflow,ESTAT:RAIL_PA_TOTAL(1.0),Passengers transported,A,Annual,MIO_PKM,Millions of passenger-kilometres,BG,Bulgaria,2016,,1455,,,,,
dataflow,ESTAT:RAIL_PA_TOTAL(1.0),Passengers transported,A,Annual,MIO_PKM,Millions of passenger-kilometres,BG,Bulgaria,2017,,1434,,,,,
dataflow,ESTAT:RAIL_PA_TOTAL(1.0),Passengers transported,A,Annual,MIO_PKM,Millions of passenger-kilometres,BG,Bulgaria,2018,,1476,,,,,
dataflow,ESTAT:RAIL_PA_TOTAL(1.0),Passengers transported,A,Annual,MIO_PKM,Millions of passenger-kilometres,BG,Bulgaria,2019,,1520,,,,,
dataflow,ESTAT:RAIL_PA_TOTAL(1.0),Passengers transported,A,Annual,MIO_PKM,Millions of passenger-kilometres,BG,Bulgaria,2020,,1118,,,,,
dataflow,ESTAT:RAIL_PA_TOTAL(1.0),Passengers transported,A,Annual,MIO_PKM,Millions of passenger-kilometres,BG,Bulgaria,2021,,1203,,,,,
dataflow,ESTAT:RAIL_PA_TOTAL(1.0),Passengers transported,A,Annual,MIO_PKM,Millions of passenger-kilometres,BG,Bulgaria,2022,,1600,,,,,
dataflow,ESTAT:RAIL_PA_TOTAL(1.0),Passengers transported,A,Annual,MIO_PKM,Millions of passenger-kilometres,BG,Bulgaria,2023,,1592,,,,,
dataflow,ESTAT:RAIL_PA_TOTAL(1.0),Passengers transported,A,Annual,MIO_PKM,Millions of passenger-kilometres,BG,Bulgaria,2024,,1498,,,,,
dataflow,ESTAT:RAIL_PA_TOTAL(1.0),Passengers transported,A,Annual,MIO_PKM,Millions of passenger-kilometres,CH,Switzerland,2008,,17699,,,,,
dataflow,ESTAT:RAIL_PA_TOTAL(1.0),Passengers transported,A,Annual,MIO_PKM,Millions of passenger-kilometres,CH,Switzerland,2009,,18497,,,,,
dataflow,ESTAT:RAIL_PA_TOTAL(1.0),Passengers transported,A,Annual,MIO_PKM,Millions of passenger-kilometres,CH,Switzerland,2010,,19093,,,,,
dataflow,ESTAT:RAIL_PA_TOTAL(1.0),Passengers transported,A,Annual,MIO_PKM,Millions of passenger-kilometres,CH,Switzerland,2011,,19387,,,,,
dataflow,ESTAT:RAIL_PA_TOTAL(1.0),Passengers transported,A,Annual,MIO_PKM,Millions of passenger-kilometres,CH,Switzerland,2012,,19180,,,,,
dataflow,ESTAT:RAIL_PA_TOTAL(1.0),Passengers transported,A,Annual,MIO_PKM,Millions of passenger-kilometres,CH,Switzerland,2013,,19368,,,,,
dataflow,ESTAT:RAIL_PA_TOTAL(1.0),Passengers transported,A,Annual,MIO_PKM,Millions of passenger-kilometres,CH,Switzerland,2014,,19934,,,,,
dataflow,ESTAT:RAIL_PA_TOTAL(1.0),Passengers transported,A,Annual,MIO_PKM,Millions of passenger-kilometres,CH,Switzerland,2015,,20228,,,,,
dataflow,ESTAT:RAIL_PA_TOTAL(1.0),Passengers transported,A,Annual,MIO_PKM,Millions of passenger-kilometres,CH,Switzerland,2016,,20657,,,,,
dataflow,ESTAT:RAIL_PA_TOTAL(1.0),Passengers transported,A,Annual,MIO_PKM,Millions of passenger-kilometres,CH,Switzerland,2017,,20707,,,,,
dataflow,ESTAT:RAIL_PA_TOTAL(1.0),Passengers transported,A,Annual,MIO_PKM,Millions of passenger-kilometres,CH,Switzerland,2018,,20451,,,,,
dataflow,ESTAT:RAIL_PA_TOTAL(1.0),Passengers transported,A,Annual,MIO_PKM,Millions of passenger-kilometres,CH,Switzerland,2019,,21559,,,,,
dataflow,ESTAT:RAIL_PA_TOTAL(1.0),Passengers transported,A,Annual,MIO_PKM,Millions of passenger-kilometres,CH,Switzerland,2020,,13261,,,,,
dataflow,ESTAT:RAIL_PA_TOTAL(1.0),Passengers transported,A,Annual,MIO_PKM,Millions of passenger-kilometres,CH,Switzerland,2021,,14223,,,,,
dataflow,ESTAT:RAIL_PA_TOTAL(1.0),Passengers transported,A,Annual,MIO_PKM,Millions of passenger-kilometres,CH,Switzerland,2022,,19201,,,,,
dataflow,ESTAT:RAIL_PA_TOTAL(1.0),Passengers transported,A,Annual,MIO_PKM,Millions of passenger-kilometres,CH,Switzerland,2023,,22093,,,,,
dataflow,ESTAT:RAIL_PA_TOTAL(1.0),Passengers transported,A,Annual,MIO_PKM,Millions of passenger-kilometres,CH,Switzerland,2024,,22796,,,,,
dataflow,ESTAT:RAIL_PA_TOTAL(1.0),Passengers transported,A,Annual,MIO_PKM,Millions of passenger-kilometres,CZ,Czechia,2004,,6580,,,,,
dataflow,ESTAT:RAIL_PA_TOTAL(1.0),Passengers transported,A,Annual,MIO_PKM,Millions of passenger-kilometres,CZ,Czechia,2005,,6667,,,,,
dataflow,ESTAT:RAIL_PA_TOTAL(1.0),Passengers transported,A,Annual,MIO_PKM,Millions of passenger-kilometres,CZ,Czechia,2006,,6922,,,,,
dataflow,ESTAT:RAIL_PA_TOTAL(1.0),Passengers transported,A,Annual,MIO_PKM,Millions of passenger-kilometres,CZ,Czechia,2007,,6898,,,,,
dataflow,ESTAT:RAIL_PA_TOTAL(1.0),Passengers transported,A,Annual,MIO_PKM,Millions of passenger-kilometres,CZ,Czechia,2008,,6773,,,,,
dataflow,ESTAT:RAIL_PA_TOTAL(1.0),Passengers transported,A,Annual,MIO_PKM,Millions of passenger-kilometres,CZ,Czechia,2009,,6472,,,,,
dataflow,ESTAT:RAIL_PA_TOTAL(1.0),Passengers transported,A,Annual,MIO_PKM,Millions of passenger-kilometres,CZ,Czechia,2010,,6559,,,,,
dataflow,ESTAT:RAIL_PA_TOTAL(1.0),Passengers transported,A,Annual,MIO_PKM,Millions of passenger-kilometres,CZ,Czechia,2011,,6669,,,,,
dataflow,ESTAT:RAIL_PA_TOTAL(1.0),Passengers transported,A,Annual,MIO_PKM,Millions of passenger-kilometres,CZ,Czechia,2012,,7196,,,,,
dataflow,ESTAT:RAIL_PA_TOTAL(1.0),Passengers transported,A,Annual,MIO_PKM,Millions of passenger-kilometres,CZ,Czechia,2013,,7512,,,,,
dataflow,ESTAT:RAIL_PA_TOTAL(1.0),Passengers transported,A,Annual,MIO_PKM,Millions of passenger-kilometres,CZ,Czechia,2014,,7644,,,,,
dataflow,ESTAT:RAIL_PA_TOTAL(1.0),Passengers transported,A,Annual,MIO_PKM,Millions of passenger-kilometres,CZ,Czechia,2015,,8125,,,,,
dataflow,ESTAT:RAIL_PA_TOTAL(1.0),Passengers transported,A,Annual,MIO_PKM,Millions of passenger-kilometres,CZ,Czechia,2016,,8738,,,,,
dataflow,ESTAT:RAIL_PA_TOTAL(1.0),Passengers transported,A,Annual,MIO_PKM,Millions of passenger-kilometres,CZ,Czechia,2017,,9403,,,,,
dataflow,ESTAT:RAIL_PA_TOTAL(1.0),Passengers transported,A,Annual,MIO_PKM,Millions of passenger-kilometres,CZ,Czechia,2018,,10220,,,,,
dataflow,ESTAT:RAIL_PA_TOTAL(1.0),Passengers transported,A,Annual,MIO_PKM,Millions of passenger-kilometres,CZ,Czechia,2019,,10856,,,,,
dataflow,ESTAT:RAIL_PA_TOTAL(1.0),Passengers transported,A,Annual,MIO_PKM,Millions of passenger-kilometres,CZ,Czechia,2020,,6623,,,,,
dataflow,ESTAT:RAIL_PA_TOTAL(1.0),Passengers transported,A,Annual,MIO_PKM,Millions of passenger-kilometres,CZ,Czechia,2021,,6752,,,,,
dataflow,ESTAT:RAIL_PA_TOTAL(1.0),Passengers transported,A,Annual,MIO_PKM,Millions of passenger-kilometres,CZ,Czechia,2022,,9394,,,,,
dataflow,ESTAT:RAIL_PA_TOTAL(1.0),Passengers transported,A,Annual,MIO_PKM,Millions of passenger-kilometres,CZ,Czechia,2023,,9996,,,,,
dataflow,ESTAT:RAIL_PA_TOTAL(1.0),Passengers transported,A,Annual,MIO_PKM,Millions of passenger-kilometres,CZ,Czechia,2024,,10294,,,,,
dataflow,ESTAT:RAIL_PA_TOTAL(1.0),Passengers transported,A,Annual,MIO_PKM,Millions of passenger-kilometres,DE,Germany,2004,,75903,,,,,
dataflow,ESTAT:RAIL_PA_TOTAL(1.0),Passengers transported,A,Annual,MIO_PKM,Millions of passenger-kilometres,DE,Germany,2005,,74944,,,,,
dataflow,ESTAT:RAIL_PA_TOTAL(1.0),Passengers transported,A,Annual,MIO_PKM,Millions of passenger-kilometres,DE,Germany,2006,,78735,,,,,
dataflow,ESTAT:RAIL_PA_TOTAL(1.0),Passengers transported,A,Annual,MIO_PKM,Millions of passenger-kilometres,DE,Germany,2007,,79098,,,,,
dataflow,ESTAT:RAIL_PA_TOTAL(1.0),Passengers transported,A,Annual,MIO_PKM,Millions of passenger-kilometres,DE,Germany,2008,,82428,,,,,
dataflow,ESTAT:RAIL_PA_TOTAL(1.0),Passengers transported,A,Annual,MIO_PKM,Millions of passenger-kilometres,DE,Germany,2009,,81206,,,,,
dataflow,ESTAT:RAIL_PA_TOTAL(1.0),Passengers transported,A,Annual,MIO_PKM,Millions of passenger-kilometres,DE,Germany,2010,,82837,,,,,
dataflow,ESTAT:RAIL_PA_TOTAL(1.0),Passengers transported,A,Annual,MIO_PKM,Millions of passenger-kilometres,DE,Germany,2011,,89316,,,,,
dataflow,ESTAT:RAIL_PA_TOTAL(1.0),Passengers transported,A,Annual,MIO_PKM,Millions of passenger-kilometres,DE,Germany,2012,,93918,,,,,
dataflow,ESTAT:RAIL_PA_TOTAL(1.0),Passengers transported,A,Annual,MIO_PKM,Millions of passenger-kilometres,DE,Germany,2013,,89450,,,,,
dataflow,ESTAT:RAIL_PA_TOTAL(1.0),Passengers transported,A,Annual,MIO_PKM,Millions of passenger-kilometres,DE,Germany,2014,,90978,,,,,
dataflow,ESTAT:RAIL_PA_TOTAL(1.0),Passengers transported,A,Annual,MIO_PKM,Millions of passenger-kilometres,DE,Germany,2015,,91050,,,,,
dataflow,ESTAT:RAIL_PA_TOTAL(1.0),Passengers transported,A,Annual,MIO_PKM,Millions of passenger-kilometres,DE,Germany,2016,,95465,,,,,
dataflow,ESTAT:RAIL_PA_TOTAL(1.0),Passengers transported,A,Annual,MIO_PKM,Millions of passenger-kilometres,DE,Germany,2017,,95529,,,,,
dataflow,ESTAT:RAIL_PA_TOTAL(1.0),Passengers transported,A,Annual,MIO_PKM,Millions of passenger-kilometres,DE,Germany,2018,,98161,,,,,
dataflow,ESTAT:RAIL_PA_TOTAL(1.0),Passengers transported,A,Annual,MIO_PKM,Millions of passenger-kilometres,DE,Germany,2019,,100252,,,,,
dataflow,ESTAT:RAIL_PA_TOTAL(1.0),Passengers transported,A,Annual,MIO_PKM,Millions of passenger-kilometres,DE,Germany,2020,,57787,,,,,
dataflow,ESTAT:RAIL_PA_TOTAL(1.0),Passengers transported,A,Annual,MIO_PKM,Millions of passenger-kilometres,DE,Germany,2021,,57518,,,,,
dataflow,ESTAT:RAIL_PA_TOTAL(1.0),Passengers transported,A,Annual,MIO_PKM,Millions of passenger-kilometres,DE,Germany,2022,,92313,,,,,
dataflow,ESTAT:RAIL_PA_TOTAL(1.0),Passengers transported,A,Annual,MIO_PKM,Millions of passenger-kilometres,DE,Germany,2023,,101408,,,,,
dataflow,ESTAT:RAIL_PA_TOTAL(1.0),Passengers transported,A,Annual,MIO_PKM,Millions of passenger-kilometres,DE,Germany,2024,,107562,,,,,
dataflow,ESTAT:RAIL_PA_TOTAL(1.0),Passengers transported,A,Annual,MIO_PKM,Millions of passenger-kilometres,DK,Denmark,2004,,5921,,,,,
dataflow,ESTAT:RAIL_PA_TOTAL(1.0),Passengers transported,A,Annual,MIO_PKM,Millions of passenger-kilometres,DK,Denmark,2005,,5961,,,,,
dataflow,ESTAT:RAIL_PA_TOTAL(1.0),Passengers transported,A,Annual,MIO_PKM,Millions of passenger-kilometres,DK,Denmark,2006,,6097,,,,,
dataflow,ESTAT:RAIL_PA_TOTAL(1.0),Passengers transported,A,Annual,MIO_PKM,Millions of passenger-kilometres,DK,Denmark,2007,,6163,,,,,
dataflow,ESTAT:RAIL_PA_TOTAL(1.0),Passengers transported,A,Annual,MIO_PKM,Millions of passenger-kilometres,DK,Denmark,2008,,6267,,,,,
dataflow,ESTAT:RAIL_PA_TOTAL(1.0),Passengers transported,A,Annual,MIO_PKM,Millions of passenger-kilometres,DK,Denmark,2009,,6161,,,,,
dataflow,ESTAT:RAIL_PA_TOTAL(1.0),Passengers transported,A,Annual,MIO_PKM,Millions of passenger-kilometres,DK,Denmark,2010,,6341,,,,,
dataflow,ESTAT:RAIL_PA_TOTAL(1.0),Passengers transported,A,Annual,MIO_PKM,Millions of passenger-kilometres,DK,Denmark,2011,,6605,,,,,
dataflow,ESTAT:RAIL_PA_TOTAL(1.0),Passengers transported,A,Annual,MIO_PKM,Millions of passenger-kilometres,DK,Denmark,2012,,6744,,,,,
dataflow,ESTAT:RAIL_PA_TOTAL(1.0),Passengers transported,A,Annual,MIO_PKM,Millions of passenger-kilometres,DK,Denmark,2013,,6785,,,,,
dataflow,ESTAT:RAIL_PA_TOTAL(1.0),Passengers transported,A,Annual,MIO_PKM,Millions of passenger-kilometres,DK,Denmark,2014,,6513,,,,,
dataflow,ESTAT:RAIL_PA_TOTAL(1.0),Passengers transported,A,Annual,MIO_PKM,Millions of passenger-kilometres,DK,Denmark,2015,,6507,,,,,
dataflow,ESTAT:RAIL_PA_TOTAL(1.0),Passengers transported,A,Annual,MIO_PKM,Millions of passenger-kilometres,DK,Denmark,2016,,6332,,,,,
dataflow,ESTAT:RAIL_PA_TOTAL(1.0),Passengers transported,A,Annual,MIO_PKM,Millions of passenger-kilometres,DK,Denmark,2017,,6280,,,,,
dataflow,ESTAT:RAIL_PA_TOTAL(1.0),Passengers transported,A,Annual,MIO_PKM,Millions of passenger-kilometres,DK,Denmark,2018,,6182,,,,,
dataflow,ESTAT:RAIL_PA_TOTAL(1.0),Passengers transported,A,Annual,MIO_PKM,Millions of passenger-kilometres,DK,Denmark,2019,,6174,,,,,
dataflow,ESTAT:RAIL_PA_TOTAL(1.0),Passengers transported,A,Annual,MIO_PKM,Millions of passenger-kilometres,DK,Denmark,2020,,3940,,,,,
dataflow,ESTAT:RAIL_PA_TOTAL(1.0),Passengers transported,A,Annual,MIO_PKM,Millions of passenger-kilometres,DK,Denmark,2021,,4181,,,,,
dataflow,ESTAT:RAIL_PA_TOTAL(1.0),Passengers transported,A,Annual,MIO_PKM,Millions of passenger-kilometres,DK,Denmark,2022,,5822,,,,,
dataflow,ESTAT:RAIL_PA_TOTAL(1.0),Passengers transported,A,Annual,MIO_PKM,Millions of passenger-kilometres,DK,Denmark,2023,,6031,,,,,
dataflow,ESTAT:RAIL_PA_TOTAL(1.0),Passengers transported,A,Annual,MIO_PKM,Millions of passenger-kilometres,DK,Denmark,2024,,6481,,,,,
dataflow,ESTAT:RAIL_PA_TOTAL(1.0),Passengers transported,A,Annual,MIO_PKM,Millions of passenger-kilometres,EE,Estonia,2004,,193,,,,,
dataflow,ESTAT:RAIL_PA_TOTAL(1.0),Passengers transported,A,Annual,MIO_PKM,Millions of passenger-kilometres,EE,Estonia,2005,,248,,,,,
dataflow,ESTAT:RAIL_PA_TOTAL(1.0),Passengers transported,A,Annual,MIO_PKM,Millions of passenger-kilometres,EE,Estonia,2006,,257,,,,,
dataflow,ESTAT:RAIL_PA_TOTAL(1.0),Passengers transported,A,Annual,MIO_PKM,Millions of passenger-kilometres,EE,Estonia,2007,,274,,,,,
dataflow,ESTAT:RAIL_PA_TOTAL(1.0),Passengers transported,A,Annual,MIO_PKM,Millions of passenger-kilometres,EE,Estonia,2008,,274,,,,,
dataflow,ESTAT:RAIL_PA_TOTAL(1.0),Passengers transported,A,Annual,MIO_PKM,Millions of passenger-kilometres,EE,Estonia,2009,,249,,,,,
dataflow,ESTAT:RAIL_PA_TOTAL(1.0),Passengers transported,A,Annual,MIO_PKM,Millions of passenger-kilometres,EE,Estonia,2010,,247,,,,,
dataflow,ESTAT:RAIL_PA_TOTAL(1.0),Passengers transported,A,Annual,MIO_PKM,Millions of passenger-kilometres,EE,Estonia,2011,,243,,,,,
dataflow,ESTAT:RAIL_PA_TOTAL(1.0),Passengers transported,A,Annual,MIO_PKM,Millions of passenger-kilometres,EE,Estonia,2012,,235,,,,,
dataflow,ESTAT:RAIL_PA_TOTAL(1.0),Passengers transported,A,Annual,MIO_PKM,Millions of passenger-kilometres,EE,Estonia,2013,,223,,,,,
dataflow,ESTAT:RAIL_PA_TOTAL(1.0),Passengers transported,A,Annual,MIO_PKM,Millions of passenger-kilometres,EE,Estonia,2014,,280,,,,,
dataflow,ESTAT:RAIL_PA_TOTAL(1.0),Passengers transported,A,Annual,MIO_PKM,Millions of passenger-kilometres,EE,Estonia,2015,,286,,,,,
dataflow,ESTAT:RAIL_PA_TOTAL(1.0),Passengers transported,A,Annual,MIO_PKM,Millions of passenger-kilometres,EE,Estonia,2016,,316,,,,,
dataflow,ESTAT:RAIL_PA_TOTAL(1.0),Passengers transported,A,Annual,MIO_PKM,Millions of passenger-kilometres,EE,Estonia,2017,,366,,,,,
dataflow,ESTAT:RAIL_PA_TOTAL(1.0),Passengers transported,A,Annual,MIO_PKM,Millions of passenger-kilometres,EE,Estonia,2018,,417,,,,,
dataflow,ESTAT:RAIL_PA_TOTAL(1.0),Passengers transported,A,Annual,MIO_PKM,Millions of passenger-kilometres,EE,Estonia,2019,,392,,,,,
dataflow,ESTAT:RAIL_PA_TOTAL(1.0),Passengers transported,A,Annual,MIO_PKM,Millions of passenger-kilometres,EE,Estonia,2020,,263,,,,,
dataflow,ESTAT:RAIL_PA_TOTAL(1.0),Passengers transported,A,Annual,MIO_PKM,Millions of passenger-kilometres,EE,Estonia,2021,,290,,,,,
dataflow,ESTAT:RAIL_PA_TOTAL(1.0),Passengers transported,A,Annual,MIO_PKM,Millions of passenger-kilometres,EE,Estonia,2022,,382,,,,,
dataflow,ESTAT:RAIL_PA_TOTAL(1.0),Passengers transported,A,Annual,MIO_PKM,Millions of passenger-kilometres,EE,Estonia,2023,,408,,,,,
dataflow,ESTAT:RAIL_PA_TOTAL(1.0),Passengers transported,A,Annual,MIO_PKM,Millions of passenger-kilometres,EE,Estonia,2024,,385,,,,,
dataflow,ESTAT:RAIL_PA_TOTAL(1.0),Passengers transported,A,Annual,MIO_PKM,Millions of passenger-kilometres,EL,Greece,2004,,1668,,,,,
dataflow,ESTAT:RAIL_PA_TOTAL(1.0),Passengers transported,A,Annual,MIO_PKM,Millions of passenger-kilometres,EL,Greece,2005,,1854,,,,,
dataflow,ESTAT:RAIL_PA_TOTAL(1.0),Passengers transported,A,Annual,MIO_PKM,Millions of passenger-kilometres,EL,Greece,2006,,1811,,,,,
dataflow,ESTAT:RAIL_PA_TOTAL(1.0),Passengers transported,A,Annual,MIO_PKM,Millions of passenger-kilometres,EL,Greece,2007,,1930,,,,,
dataflow,ESTAT:RAIL_PA_TOTAL(1.0),Passengers transported,A,Annual,MIO_PKM,Millions of passenger-kilometres,EL,Greece,2008,,1657,,,,,
dataflow,ESTAT:RAIL_PA_TOTAL(1.0),Passengers transported,A,Annual,MIO_PKM,Millions of passenger-kilometres,EL,Greece,2009,,1467,,,,,
dataflow,ESTAT:RAIL_PA_TOTAL(1.0),Passengers transported,A,Annual,MIO_PKM,Millions of passenger-kilometres,EL,Greece,2010,,1383,,,,,
dataflow,ESTAT:RAIL_PA_TOTAL(1.0),Passengers transported,A,Annual,MIO_PKM,Millions of passenger-kilometres,EL,Greece,2011,,958,,,,,
dataflow,ESTAT:RAIL_PA_TOTAL(1.0),Passengers transported,A,Annual,MIO_PKM,Millions of passenger-kilometres,EL,Greece,2012,,832,,,,,
dataflow,ESTAT:RAIL_PA_TOTAL(1.0),Passengers transported,A,Annual,MIO_PKM,Millions of passenger-kilometres,EL,Greece,2013,,1056,,,,,
dataflow,ESTAT:RAIL_PA_TOTAL(1.0),Passengers transported,A,Annual,MIO_PKM,Millions of passenger-kilometres,EL,Greece,2014,,1072,,,,,
dataflow,ESTAT:RAIL_PA_TOTAL(1.0),Passengers transported,A,Annual,MIO_PKM,Millions of passenger-kilometres,EL,Greece,2015,,1263,,,,,
dataflow,ESTAT:RAIL_PA_TOTAL(1.0),Passengers transported,A,Annual,MIO_PKM,Millions of passenger-kilometres,EL,Greece,2016,,1192,,,,,
dataflow,ESTAT:RAIL_PA_TOTAL(1.0),Passengers transported,A,Annual,MIO_PKM,Millions of passenger-kilometres,EL,Greece,2017,,1112,,,,,
dataflow,ESTAT:RAIL_PA_TOTAL(1.0),Passengers transported,A,Annual,MIO_PKM,Millions of passenger-kilometres,EL,Greece,2018,,1104,,,,,
dataflow,ESTAT:RAIL_PA_TOTAL(1.0),Passengers transported,A,Annual,MIO_PKM,Millions of passenger-kilometres,EL,Greece,2019,,1252,,,,,
dataflow,ESTAT:RAIL_PA_TOTAL(1.0),Passengers transported,A,Annual,MIO_PKM,Millions of passenger-kilometres,EL,Greece,2020,,640,,,,,
dataflow,ESTAT:RAIL_PA_TOTAL(1.0),Passengers transported,A,Annual,MIO_PKM,Millions of passenger-kilometres,EL,Greece,2021,,653,,,,,
dataflow,ESTAT:RAIL_PA_TOTAL(1.0),Passengers transported,A,Annual,MIO_PKM,Millions of passenger-kilometres,EL,Greece,2022,,1117,,,,,
dataflow,ESTAT:RAIL_PA_TOTAL(1.0),Passengers transported,A,Annual,MIO_PKM,Millions of passenger-kilometres,EL,Greece,2023,,673,,,,,
dataflow,ESTAT:RAIL_PA_TOTAL(1.0),Passengers transported,A,Annual,MIO_PKM,Millions of passenger-kilometres,EL,Greece,2024,,727,,,,,
dataflow,ESTAT:RAIL_PA_TOTAL(1.0),Passengers transported,A,Annual,MIO_PKM,Millions of passenger-kilometres,ES,Spain,2004,,20328,,,,,
dataflow,ESTAT:RAIL_PA_TOTAL(1.0),Passengers transported,A,Annual,MIO_PKM,Millions of passenger-kilometres,ES,Spain,2005,,21151,,,,,
dataflow,ESTAT:RAIL_PA_TOTAL(1.0),Passengers transported,A,Annual,MIO_PKM,Millions of passenger-kilometres,ES,Spain,2006,,21620,,,,,
dataflow,ESTAT:RAIL_PA_TOTAL(1.0),Passengers transported,A,Annual,MIO_PKM,Millions of passenger-kilometres,ES,Spain,2007,,21362,,,,,
dataflow,ESTAT:RAIL_PA_TOTAL(1.0),Passengers transported,A,Annual,MIO_PKM,Millions of passenger-kilometres,ES,Spain,2008,,23453,,,,,
dataflow,ESTAT:RAIL_PA_TOTAL(1.0),Passengers transported,A,Annual,MIO_PKM,Millions of passenger-kilometres,ES,Spain,2009,,23055,,,,,
dataflow,ESTAT:RAIL_PA_TOTAL(1.0),Passengers transported,A,Annual,MIO_PKM,Millions of passenger-kilometres,ES,Spain,2010,,22343,,,,,
dataflow,ESTAT:RAIL_PA_TOTAL(1.0),Passengers transported,A,Annual,MIO_PKM,Millions of passenger-kilometres,ES,Spain,2011,,22931,,,,,
dataflow,ESTAT:RAIL_PA_TOTAL(1.0),Passengers transported,A,Annual,MIO_PKM,Millions of passenger-kilometres,ES,Spain,2012,,22446,,,,,
dataflow,ESTAT:RAIL_PA_TOTAL(1.0),Passengers transported,A,Annual,MIO_PKM,Millions of passenger-kilometres,ES,Spain,2013,,23755,,,,,
dataflow,ESTAT:RAIL_PA_TOTAL(1.0),Passengers transported,A,Annual,MIO_PKM,Millions of passenger-kilometres,ES,Spain,2014,,25034,,,,,
dataflow,ESTAT:RAIL_PA_TOTAL(1.0),Passengers transported,A,Annual,MIO_PKM,Millions of passenger-kilometres,ES,Spain,2015,,26108,,,,,
dataflow,ESTAT:RAIL_PA_TOTAL(1.0),Passengers transported,A,Annual,MIO_PKM,Millions of passenger-kilometres,ES,Spain,2016,,26646,,,,,
dataflow,ESTAT:RAIL_PA_TOTAL(1.0),Passengers transported,A,Annual,MIO_PKM,Millions of passenger-kilometres,ES,Spain,2017,,27490,,,,,
dataflow,ESTAT:RAIL_PA_TOTAL(1.0),Passengers transported,A,Annual,MIO_PKM,Millions of passenger-kilometres,ES,Spain,2018,,28420,,,,,
dataflow,ESTAT:RAIL_PA_TOTAL(1.0),Passengers transported,A,Annual,MIO_PKM,Millions of passenger-kilometres,ES,Spain,2019,,28847,,,,,
dataflow,ESTAT:RAIL_PA_TOTAL(1.0),Passengers transported,A,Annual,MIO_PKM,Millions of passenger-kilometres,ES,Spain,2020,,12060,,,,,
dataflow,ESTAT:RAIL_PA_TOTAL(1.0),Passengers transported,A,Annual,MIO_PKM,Millions of passenger-kilometres,ES,Spain,2021,,17002,,,,,
dataflow,ESTAT:RAIL_PA_TOTAL(1.0),Passengers transported,A,Annual,MIO_PKM,Millions of passenger-kilometres,ES,Spain,2022,,27489,,,,,
dataflow,ESTAT:RAIL_PA_TOTAL(1.0),Passengers transported,A,Annual,MIO_PKM,Millions of passenger-kilometres,ES,Spain,2023,,34632,,,,,
dataflow,ESTAT:RAIL_PA_TOTAL(1.0),Passengers transported,A,Annual,MIO_PKM,Millions of passenger-kilometres,ES,Spain,2024,,38038,,,,,
dataflow,ESTAT:RAIL_PA_TOTAL(1.0),Passengers transported,A,Annual,MIO_PKM,Millions of passenger-kilometres,FI,Finland,2004,,3352,,,,,
dataflow,ESTAT:RAIL_PA_TOTAL(1.0),Passengers transported,A,Annual,MIO_PKM,Millions of passenger-kilometres,FI,Finland,2005,,3478,,,,,
dataflow,ESTAT:RAIL_PA_TOTAL(1.0),Passengers transported,A,Annual,MIO_PKM,Millions of passenger-kilometres,FI,Finland,2006,,3540,,,,,
dataflow,ESTAT:RAIL_PA_TOTAL(1.0),Passengers transported,A,Annual,MIO_PKM,Millions of passenger-kilometres,FI,Finland,2007,,3778,,,,,
dataflow,ESTAT:RAIL_PA_TOTAL(1.0),Passengers transported,A,Annual,MIO_PKM,Millions of passenger-kilometres,FI,Finland,2008,,4052,,,,,
dataflow,ESTAT:RAIL_PA_TOTAL(1.0),Passengers transported,A,Annual,MIO_PKM,Millions of passenger-kilometres,FI,Finland,2009,,3876,,,,,
dataflow,ESTAT:RAIL_PA_TOTAL(1.0),Passengers transported,A,Annual,MIO_PKM,Millions of passenger-kilometres,FI,Finland,2010,,3959,,,,,
dataflow,ESTAT:RAIL_PA_TOTAL(1.0),Passengers transported,A,Annual,MIO_PKM,Millions of passenger-kilometres,FI,Finland,2011,,3882,,,,,
dataflow,ESTAT:RAIL_PA_TOTAL(1.0),Passengers transported,A,Annual,MIO_PKM,Millions of passenger-kilometres,FI,Finland,2012,,4035,,,,,
dataflow,ESTAT:RAIL_PA_TOTAL(1.0),Passengers transported,A,Annual,MIO_PKM,Millions of passenger-kilometres,FI,Finland,2013,,4053,,,,,
dataflow,ESTAT:RAIL_PA_TOTAL(1.0),Passengers transported,A,Annual,MIO_PKM,Millions of passenger-kilometres,FI,Finland,2014,,3874,,,,,
dataflow,ESTAT:RAIL_PA_TOTAL(1.0),Passengers transported,A,Annual,MIO_PKM,Millions of passenger-kilometres,FI,Finland,2015,,4114,,,,,
dataflow,ESTAT:RAIL_PA_TOTAL(1.0),Passengers transported,A,Annual,MIO_PKM,Millions of passenger-kilometres,FI,Finland,2016,,3868,,,,,
dataflow,ESTAT:RAIL_PA_TOTAL(1.0),Passengers transported,A,Annual,MIO_PKM,Millions of passenger-kilometres,FI,Finland,2017,,4271,,,,,
dataflow,ESTAT:RAIL_PA_TOTAL(1.0),Passengers transported,A,Annual,MIO_PKM,Millions of passenger-kilometres,FI,Finland,2018,,4535,,,,,
dataflow,ESTAT:RAIL_PA_TOTAL(1.0),Passengers transported,A,Annual,MIO_PKM,Millions of passenger-kilometres,FI,Finland,2019,,4924,,,,,
dataflow,ESTAT:RAIL_PA_TOTAL(1.0),Passengers transported,A,Annual,MIO_PKM,Millions of passenger-kilometres,FI,Finland,2020,,2820,,,,,
dataflow,ESTAT:RAIL_PA_TOTAL(1.0),Passengers transported,A,Annual,MIO_PKM,Millions of passenger-kilometres,FI,Finland,2021,,2903,,,,,
dataflow,ESTAT:RAIL_PA_TOTAL(1.0),Passengers transported,A,Annual,MIO_PKM,Millions of passenger-kilometres,FI,Finland,2022,,4572,,,,,
dataflow,ESTAT:RAIL_PA_TOTAL(1.0),Passengers transported,A,Annual,MIO_PKM,Millions of passenger-kilometres,FI,Finland,2023,,5199,,,,,
dataflow,ESTAT:RAIL_PA_TOTAL(1.0),Passengers transported,A,Annual,MIO_PKM,Millions of passenger-kilometres,FI,Finland,2024,,5436,,,,,
dataflow,ESTAT:RAIL_PA_TOTAL(1.0),Passengers transported,A,Annual,MIO_PKM,Millions of passenger-kilometres,FR,France,2004,,74359,,,,,
dataflow,ESTAT:RAIL_PA_TOTAL(1.0),Passengers transported,A,Annual,MIO_PKM,Millions of passenger-kilometres,FR,France,2005,,76884,,,,,
dataflow,ESTAT:RAIL_PA_TOTAL(1.0),Passengers transported,A,Annual,MIO_PKM,Millions of passenger-kilometres,FR,France,2006,,79809,,,,,
dataflow,ESTAT:RAIL_PA_TOTAL(1.0),Passengers transported,A,Annual,MIO_PKM,Millions of passenger-kilometres,FR,France,2007,,81961,,,,,
dataflow,ESTAT:RAIL_PA_TOTAL(1.0),Passengers transported,A,Annual,MIO_PKM,Millions of passenger-kilometres,FR,France,2008,,86516,,,,,
dataflow,ESTAT:RAIL_PA_TOTAL(1.0),Passengers transported,A,Annual,MIO_PKM,Millions of passenger-kilometres,FR,France,2009,,88610,,,,,
dataflow,ESTAT:RAIL_PA_TOTAL(1.0),Passengers transported,A,Annual,MIO_PKM,Millions of passenger-kilometres,FR,France,2010,,,,,,C,confidential
dataflow,ESTAT:RAIL_PA_TOTAL(1.0),Passengers transported,A,Annual,MIO_PKM,Millions of passenger-kilometres,FR,France,2011,,,,,,C,confidential
dataflow,ESTAT:RAIL_PA_TOTAL(1.0),Passengers transported,A,Annual,MIO_PKM,Millions of passenger-kilometres,FR,France,2012,,91205,,,,,
dataflow,ESTAT:RAIL_PA_TOTAL(1.0),Passengers transported,A,Annual,MIO_PKM,Millions of passenger-kilometres,FR,France,2013,,90485,,,,,
dataflow,ESTAT:RAIL_PA_TOTAL(1.0),Passengers transported,A,Annual,MIO_PKM,Millions of passenger-kilometres,FR,France,2014,,89499,,,,,
dataflow,ESTAT:RAIL_PA_TOTAL(1.0),Passengers transported,A,Annual,MIO_PKM,Millions of passenger-kilometres,FR,France,2015,,91377,,,,,
dataflow,ESTAT:RAIL_PA_TOTAL(1.0),Passengers transported,A,Annual,MIO_PKM,Millions of passenger-kilometres,FR,France,2016,,91832,,,,,
dataflow,ESTAT:RAIL_PA_TOTAL(1.0),Passengers transported,A,Annual,MIO_PKM,Millions of passenger-kilometres,FR,France,2017,,92331,,,,,
dataflow,ESTAT:RAIL_PA_TOTAL(1.0),Passengers transported,A,Annual,MIO_PKM,Millions of passenger-kilometres,FR,France,2018,,89186,,,,,
dataflow,ESTAT:RAIL_PA_TOTAL(1.0),Passengers transported,A,Annual,MIO_PKM,Millions of passenger-kilometres,FR,France,2019,,93504,,,,,
dataflow,ESTAT:RAIL_PA_TOTAL(1.0),Passengers transported,A,Annual,MIO_PKM,Millions of passenger-kilometres,FR,France,2020,,53926,,,,,
dataflow,ESTAT:RAIL_PA_TOTAL(1.0),Passengers transported,A,Annual,MIO_PKM,Millions of passenger-kilometres,FR,France,2021,,70481,,,,,
dataflow,ESTAT:RAIL_PA_TOTAL(1.0),Passengers transported,A,Annual,MIO_PKM,Millions of passenger-kilometres,FR,France,2022,,95635,,,,,
dataflow,ESTAT:RAIL_PA_TOTAL(1.0),Passengers transported,A,Annual,MIO_PKM,Millions of passenger-kilometres,FR,France,2023,,101316,,,,,
dataflow,ESTAT:RAIL_PA_TOTAL(1.0),Passengers transported,A,Annual,MIO_PKM,Millions of passenger-kilometres,FR,France,2024,,107346,,,,,
dataflow,ESTAT:RAIL_PA_TOTAL(1.0),Passengers transported,A,Annual,MIO_PKM,Millions of passenger-kilometres,HR,Croatia,2004,,1169,,,,,
dataflow,ESTAT:RAIL_PA_TOTAL(1.0),Passengers transported,A,Annual,MIO_PKM,Millions of passenger-kilometres,HR,Croatia,2005,,1227,,,,,
dataflow,ESTAT:RAIL_PA_TOTAL(1.0),Passengers transported,A,Annual,MIO_PKM,Millions of passenger-kilometres,HR,Croatia,2006,,1322,,,,,
dataflow,ESTAT:RAIL_PA_TOTAL(1.0),Passengers transported,A,Annual,MIO_PKM,Millions of passenger-kilometres,HR,Croatia,2007,,1573,,,,,
dataflow,ESTAT:RAIL_PA_TOTAL(1.0),Passengers transported,A,Annual,MIO_PKM,Millions of passenger-kilometres,HR,Croatia,2008,,1769,,,,,
dataflow,ESTAT:RAIL_PA_TOTAL(1.0),Passengers transported,A,Annual,MIO_PKM,Millions of passenger-kilometres,HR,Croatia,2009,,1802,,,,,
dataflow,ESTAT:RAIL_PA_TOTAL(1.0),Passengers transported,A,Annual,MIO_PKM,Millions of passenger-kilometres,HR,Croatia,2010,,1711,,,,,
dataflow,ESTAT:RAIL_PA_TOTAL(1.0),Passengers transported,A,Annual,MIO_PKM,Millions of passenger-kilometres,HR,Croatia,2011,,1457,,,,,
dataflow,ESTAT:RAIL_PA_TOTAL(1.0),Passengers transported,A,Annual,MIO_PKM,Millions of passenger-kilometres,HR,Croatia,2012,,1080,,,,,
dataflow,ESTAT:RAIL_PA_TOTAL(1.0),Passengers transported,A,Annual,MIO_PKM,Millions of passenger-kilometres,HR,Croatia,2013,,935,,,,,
dataflow,ESTAT:RAIL_PA_TOTAL(1.0),Passengers transported,A,Annual,MIO_PKM,Millions of passenger-kilometres,HR,Croatia,2014,,917,,,,,
dataflow,ESTAT:RAIL_PA_TOTAL(1.0),Passengers transported,A,Annual,MIO_PKM,Millions of passenger-kilometres,HR,Croatia,2015,,941,,,,,
dataflow,ESTAT:RAIL_PA_TOTAL(1.0),Passengers transported,A,Annual,MIO_PKM,Millions of passenger-kilometres,HR,Croatia,2016,,827,,,,,
dataflow,ESTAT:RAIL_PA_TOTAL(1.0),Passengers transported,A,Annual,MIO_PKM,Millions of passenger-kilometres,HR,Croatia,2017,,736,,,,,
dataflow,ESTAT:RAIL_PA_TOTAL(1.0),Passengers transported,A,Annual,MIO_PKM,Millions of passenger-kilometres,HR,Croatia,2018,,747,,,,,
dataflow,ESTAT:RAIL_PA_TOTAL(1.0),Passengers transported,A,Annual,MIO_PKM,Millions of passenger-kilometres,HR,Croatia,2019,,724,,,,,
dataflow,ESTAT:RAIL_PA_TOTAL(1.0),Passengers transported,A,Annual,MIO_PKM,Millions of passenger-kilometres,HR,Croatia,2020,,448,,,,,
dataflow,ESTAT:RAIL_PA_TOTAL(1.0),Passengers transported,A,Annual,MIO_PKM,Millions of passenger-kilometres,HR,Croatia,2021,,538,,,,,
dataflow,ESTAT:RAIL_PA_TOTAL(1.0),Passengers transported,A,Annual,MIO_PKM,Millions of passenger-kilometres,HR,Croatia,2022,,812,,,,,
dataflow,ESTAT:RAIL_PA_TOTAL(1.0),Passengers transported,A,Annual,MIO_PKM,Millions of passenger-kilometres,HR,Croatia,2023,,1142,,,,,
dataflow,ESTAT:RAIL_PA_TOTAL(1.0),Passengers transported,A,Annual,MIO_PKM,Millions of passenger-kilometres,HR,Croatia,2024,,1148,,,,,
dataflow,ESTAT:RAIL_PA_TOTAL(1.0),Passengers transported,A,Annual,MIO_PKM,Millions of passenger-kilometres,HU,Hungary,2004,,10406,,,,,
dataflow,ESTAT:RAIL_PA_TOTAL(1.0),Passengers transported,A,Annual,MIO_PKM,Millions of passenger-kilometres,HU,Hungary,2005,,9714,,,,,
dataflow,ESTAT:RAIL_PA_TOTAL(1.0),Passengers transported,A,Annual,MIO_PKM,Millions of passenger-kilometres,HU,Hungary,2006,,9524,,,,,
dataflow,ESTAT:RAIL_PA_TOTAL(1.0),Passengers transported,A,Annual,MIO_PKM,Millions of passenger-kilometres,HU,Hungary,2007,,8752,,,,,
dataflow,ESTAT:RAIL_PA_TOTAL(1.0),Passengers transported,A,Annual,MIO_PKM,Millions of passenger-kilometres,HU,Hungary,2008,,8291,,,,,
dataflow,ESTAT:RAIL_PA_TOTAL(1.0),Passengers transported,A,Annual,MIO_PKM,Millions of passenger-kilometres,HU,Hungary,2009,,8004,,,,,
dataflow,ESTAT:RAIL_PA_TOTAL(1.0),Passengers transported,A,Annual,MIO_PKM,Millions of passenger-kilometres,HU,Hungary,2010,,7653,,,,,
dataflow,ESTAT:RAIL_PA_TOTAL(1.0),Passengers transported,A,Annual,MIO_PKM,Millions of passenger-kilometres,HU,Hungary,2011,,7763,,,,,
dataflow,ESTAT:RAIL_PA_TOTAL(1.0),Passengers transported,A,Annual,MIO_PKM,Millions of passenger-kilometres,HU,Hungary,2012,,7769,,,,,
dataflow,ESTAT:RAIL_PA_TOTAL(1.0),Passengers transported,A,Annual,MIO_PKM,Millions of passenger-kilometres,HU,Hungary,2013,,7806,,,,,
dataflow,ESTAT:RAIL_PA_TOTAL(1.0),Passengers transported,A,Annual,MIO_PKM,Millions of passenger-kilometres,HU,Hungary,2014,,7710,,,,,
dataflow,ESTAT:RAIL_PA_TOTAL(1.0),Passengers transported,A,Annual,MIO_PKM,Millions of passenger-kilometres,HU,Hungary,2015,,,,,,C,confidential
dataflow,ESTAT:RAIL_PA_TOTAL(1.0),Passengers transported,A,Annual,MIO_PKM,Millions of passenger-kilometres,HU,Hungary,2016,,,,,,C,confidential
dataflow,ESTAT:RAIL_PA_TOTAL(1.0),Passengers transported,A,Annual,MIO_PKM,Millions of passenger-kilometres,HU,Hungary,2017,,,,,,C,confidential
dataflow,ESTAT:RAIL_PA_TOTAL(1.0),Passengers transported,A,Annual,MIO_PKM,Millions of passenger-kilometres,HU,Hungary,2018,,,,,,C,confidential
dataflow,ESTAT:RAIL_PA_TOTAL(1.0),Passengers transported,A,Annual,MIO_PKM,Millions of passenger-kilometres,HU,Hungary,2019,,,,,,C,confidential
dataflow,ESTAT:RAIL_PA_TOTAL(1.0),Passengers transported,A,Annual,MIO_PKM,Millions of passenger-kilometres,HU,Hungary,2020,,,,,,C,confidential
dataflow,ESTAT:RAIL_PA_TOTAL(1.0),Passengers transported,A,Annual,MIO_PKM,Millions of passenger-kilometres,HU,Hungary,2021,,,,,,C,confidential
dataflow,ESTAT:RAIL_PA_TOTAL(1.0),Passengers transported,A,Annual,MIO_PKM,Millions of passenger-kilometres,HU,Hungary,2022,,,,,,C,confidential
dataflow,ESTAT:RAIL_PA_TOTAL(1.0),Passengers transported,A,Annual,MIO_PKM,Millions of passenger-kilometres,HU,Hungary,2023,,,,,,C,confidential
dataflow,ESTAT:RAIL_PA_TOTAL(1.0),Passengers transported,A,Annual,MIO_PKM,Millions of passenger-kilometres,HU,Hungary,2024,,,,,,C,confidential
dataflow,ESTAT:RAIL_PA_TOTAL(1.0),Passengers transported,A,Annual,MIO_PKM,Millions of passenger-kilometres,IE,Ireland,2004,,1582,,,,,
dataflow,ESTAT:RAIL_PA_TOTAL(1.0),Passengers transported,A,Annual,MIO_PKM,Millions of passenger-kilometres,IE,Ireland,2005,,1781,,,,,
dataflow,ESTAT:RAIL_PA_TOTAL(1.0),Passengers transported,A,Annual,MIO_PKM,Millions of passenger-kilometres,IE,Ireland,2006,,1872,,,,,
dataflow,ESTAT:RAIL_PA_TOTAL(1.0),Passengers transported,A,Annual,MIO_PKM,Millions of passenger-kilometres,IE,Ireland,2007,,2007,,,,,
dataflow,ESTAT:RAIL_PA_TOTAL(1.0),Passengers transported,A,Annual,MIO_PKM,Millions of passenger-kilometres,IE,Ireland,2008,,1976,,,,,
dataflow,ESTAT:RAIL_PA_TOTAL(1.0),Passengers transported,A,Annual,MIO_PKM,Millions of passenger-kilometres,IE,Ireland,2009,,1683,,,,,
dataflow,ESTAT:RAIL_PA_TOTAL(1.0),Passengers transported,A,Annual,MIO_PKM,Millions of passenger-kilometres,IE,Ireland,2010,,1678,,,,,
dataflow,ESTAT:RAIL_PA_TOTAL(1.0),Passengers transported,A,Annual,MIO_PKM,Millions of passenger-kilometres,IE,Ireland,2011,,1638,,,,,
dataflow,ESTAT:RAIL_PA_TOTAL(1.0),Passengers transported,A,Annual,MIO_PKM,Millions of passenger-kilometres,IE,Ireland,2012,,1578,,,,,
dataflow,ESTAT:RAIL_PA_TOTAL(1.0),Passengers transported,A,Annual,MIO_PKM,Millions of passenger-kilometres,IE,Ireland,2013,,1569,,,,,
dataflow,ESTAT:RAIL_PA_TOTAL(1.0),Passengers transported,A,Annual,MIO_PKM,Millions of passenger-kilometres,IE,Ireland,2014,,1728,,,,,
dataflow,ESTAT:RAIL_PA_TOTAL(1.0),Passengers transported,A,Annual,MIO_PKM,Millions of passenger-kilometres,IE,Ireland,2015,,1918,,,,,
dataflow,ESTAT:RAIL_PA_TOTAL(1.0),Passengers transported,A,Annual,MIO_PKM,Millions of passenger-kilometres,IE,Ireland,2016,,1991,,,,,
dataflow,ESTAT:RAIL_PA_TOTAL(1.0),Passengers transported,A,Annual,MIO_PKM,Millions of passenger-kilometres,IE,Ireland,2017,,2122,,,,,
dataflow,ESTAT:RAIL_PA_TOTAL(1.0),Passengers transported,A,Annual,MIO_PKM,Millions of passenger-kilometres,IE,Ireland,2018,,2281,,,,,
dataflow,ESTAT:RAIL_PA_TOTAL(1.0),Passengers transported,A,Annual,MIO_PKM,Millions of passenger-kilometres,IE,Ireland,2019,,2399,,,,,
dataflow,ESTAT:RAIL_PA_TOTAL(1.0),Passengers transported,A,Annual,MIO_PKM,Millions of passenger-kilometres,IE,Ireland,2020,,834,,,,,
dataflow,ESTAT:RAIL_PA_TOTAL(1.0),Passengers transported,A,Annual,MIO_PKM,Millions of passenger-kilometres,IE,Ireland,2021,,870,,,,,
dataflow,ESTAT:RAIL_PA_TOTAL(1.0),Passengers transported,A,Annual,MIO_PKM,Millions of passenger-kilometres,IE,Ireland,2022,,1748,,,,,
dataflow,ESTAT:RAIL_PA_TOTAL(1.0),Passengers transported,A,Annual,MIO_PKM,Millions of passenger-kilometres,IE,Ireland,2023,,2235,,,,,
dataflow,ESTAT:RAIL_PA_TOTAL(1.0),Passengers transported,A,Annual,MIO_PKM,Millions of passenger-kilometres,IE,Ireland,2024,,2486,,,,,
dataflow,ESTAT:RAIL_PA_TOTAL(1.0),Passengers transported,A,Annual,MIO_PKM,Millions of passenger-kilometres,IT,Italy,2004,,49254,,,,,
dataflow,ESTAT:RAIL_PA_TOTAL(1.0),Passengers transported,A,Annual,MIO_PKM,Millions of passenger-kilometres,IT,Italy,2005,,50088,,,,,
dataflow,ESTAT:RAIL_PA_TOTAL(1.0),Passengers transported,A,Annual,MIO_PKM,Millions of passenger-kilometres,IT,Italy,2006,,50185,,,,,
dataflow,ESTAT:RAIL_PA_TOTAL(1.0),Passengers transported,A,Annual,MIO_PKM,Millions of passenger-kilometres,IT,Italy,2007,,49780,,,,,
dataflow,ESTAT:RAIL_PA_TOTAL(1.0),Passengers transported,A,Annual,MIO_PKM,Millions of passenger-kilometres,IT,Italy,2008,,49524,,,,,
dataflow,ESTAT:RAIL_PA_TOTAL(1.0),Passengers transported,A,Annual,MIO_PKM,Millions of passenger-kilometres,IT,Italy,2009,,48124,,,,,
dataflow,ESTAT:RAIL_PA_TOTAL(1.0),Passengers transported,A,Annual,MIO_PKM,Millions of passenger-kilometres,IT,Italy,2010,,47172,,,,,
dataflow,ESTAT:RAIL_PA_TOTAL(1.0),Passengers transported,A,Annual,MIO_PKM,Millions of passenger-kilometres,IT,Italy,2011,,,,,,C,confidential
dataflow,ESTAT:RAIL_PA_TOTAL(1.0),Passengers transported,A,Annual,MIO_PKM,Millions of passenger-kilometres,IT,Italy,2012,,46759,,,,,
dataflow,ESTAT:RAIL_PA_TOTAL(1.0),Passengers transported,A,Annual,MIO_PKM,Millions of passenger-kilometres,IT,Italy,2013,,48739,,,,,
dataflow,ESTAT:RAIL_PA_TOTAL(1.0),Passengers transported,A,Annual,MIO_PKM,Millions of passenger-kilometres,IT,Italy,2014,,49957,,,,,
dataflow,ESTAT:RAIL_PA_TOTAL(1.0),Passengers transported,A,Annual,MIO_PKM,Millions of passenger-kilometres,IT,Italy,2015,,52207,,,,,
dataflow,ESTAT:RAIL_PA_TOTAL(1.0),Passengers transported,A,Annual,MIO_PKM,Millions of passenger-kilometres,IT,Italy,2016,,52178,,,,,
dataflow,ESTAT:RAIL_PA_TOTAL(1.0),Passengers transported,A,Annual,MIO_PKM,Millions of passenger-kilometres,IT,Italy,2017,,53231,,,,,
dataflow,ESTAT:RAIL_PA_TOTAL(1.0),Passengers transported,A,Annual,MIO_PKM,Millions of passenger-kilometres,IT,Italy,2018,,55493,,,,,
dataflow,ESTAT:RAIL_PA_TOTAL(1.0),Passengers transported,A,Annual,MIO_PKM,Millions of passenger-kilometres,IT,Italy,2019,,56586,,,,,
dataflow,ESTAT:RAIL_PA_TOTAL(1.0),Passengers transported,A,Annual,MIO_PKM,Millions of passenger-kilometres,IT,Italy,2020,,22269,,,,,
dataflow,ESTAT:RAIL_PA_TOTAL(1.0),Passengers transported,A,Annual,MIO_PKM,Millions of passenger-kilometres,IT,Italy,2021,,27693,,,,,
dataflow,ESTAT:RAIL_PA_TOTAL(1.0),Passengers transported,A,Annual,MIO_PKM,Millions of passenger-kilometres,IT,Italy,2022,,46498,,,,,
dataflow,ESTAT:RAIL_PA_TOTAL(1.0),Passengers transported,A,Annual,MIO_PKM,Millions of passenger-kilometres,IT,Italy,2023,,54791,,,,,
dataflow,ESTAT:RAIL_PA_TOTAL(1.0),Passengers transported,A,Annual,MIO_PKM,Millions of passenger-kilometres,IT,Italy,2024,,55872,,,,,
dataflow,ESTAT:RAIL_PA_TOTAL(1.0),Passengers transported,A,Annual,MIO_PKM,Millions of passenger-kilometres,LI,Liechtenstein,2004,,1,,,,,
dataflow,ESTAT:RAIL_PA_TOTAL(1.0),Passengers transported,A,Annual,MIO_PKM,Millions of passenger-kilometres,LI,Liechtenstein,2005,,1,,,,,
dataflow,ESTAT:RAIL_PA_TOTAL(1.0),Passengers transported,A,Annual,MIO_PKM,Millions of passenger-kilometres,LI,Liechtenstein,2006,,1,,,,,
dataflow,ESTAT:RAIL_PA_TOTAL(1.0),Passengers transported,A,Annual,MIO_PKM,Millions of passenger-kilometres,LI,Liechtenstein,2007,,1,,,,,
dataflow,ESTAT:RAIL_PA_TOTAL(1.0),Passengers transported,A,Annual,MIO_PKM,Millions of passenger-kilometres,LI,Liechtenstein,2008,,1,,,,,
dataflow,ESTAT:RAIL_PA_TOTAL(1.0),Passengers transported,A,Annual,MIO_PKM,Millions of passenger-kilometres,LI,Liechtenstein,2009,,1,,,,,
dataflow,ESTAT:RAIL_PA_TOTAL(1.0),Passengers transported,A,Annual,MIO_PKM,Millions of passenger-kilometres,LI,Liechtenstein,2010,,1,,,,,
dataflow,ESTAT:RAIL_PA_TOTAL(1.0),Passengers transported,A,Annual,MIO_PKM,Millions of passenger-kilometres,LI,Liechtenstein,2011,,1,,,,,
dataflow,ESTAT:RAIL_PA_TOTAL(1.0),Passengers transported,A,Annual,MIO_PKM,Millions of passenger-kilometres,LI,Liechtenstein,2012,,1,,,,,
dataflow,ESTAT:RAIL_PA_TOTAL(1.0),Passengers transported,A,Annual,MIO_PKM,Millions of passenger-kilometres,LI,Liechtenstein,2013,,1,,,,,
dataflow,ESTAT:RAIL_PA_TOTAL(1.0),Passengers transported,A,Annual,MIO_PKM,Millions of passenger-kilometres,LI,Liechtenstein,2014,,1,,,,,
dataflow,ESTAT:RAIL_PA_TOTAL(1.0),Passengers transported,A,Annual,MIO_PKM,Millions of passenger-kilometres,LI,Liechtenstein,2015,,15,,,,,
dataflow,ESTAT:RAIL_PA_TOTAL(1.0),Passengers transported,A,Annual,MIO_PKM,Millions of passenger-kilometres,LI,Liechtenstein,2016,,16,,,,,
dataflow,ESTAT:RAIL_PA_TOTAL(1.0),Passengers transported,A,Annual,MIO_PKM,Millions of passenger-kilometres,LI,Liechtenstein,2017,,15,,,,,
dataflow,ESTAT:RAIL_PA_TOTAL(1.0),Passengers transported,A,Annual,MIO_PKM,Millions of passenger-kilometres,LI,Liechtenstein,2018,,16,,,,,
dataflow,ESTAT:RAIL_PA_TOTAL(1.0),Passengers transported,A,Annual,MIO_PKM,Millions of passenger-kilometres,LI,Liechtenstein,2019,,18,,,,,
dataflow,ESTAT:RAIL_PA_TOTAL(1.0),Passengers transported,A,Annual,MIO_PKM,Millions of passenger-kilometres,LI,Liechtenstein,2020,,8,,,,,
dataflow,ESTAT:RAIL_PA_TOTAL(1.0),Passengers transported,A,Annual,MIO_PKM,Millions of passenger-kilometres,LI,Liechtenstein,2021,,12,,,,,
dataflow,ESTAT:RAIL_PA_TOTAL(1.0),Passengers transported,A,Annual,MIO_PKM,Millions of passenger-kilometres,LI,Liechtenstein,2022,,27,,,,,
dataflow,ESTAT:RAIL_PA_TOTAL(1.0),Passengers transported,A,Annual,MIO_PKM,Millions of passenger-kilometres,LI,Liechtenstein,2023,,28,,,,,
dataflow,ESTAT:RAIL_PA_TOTAL(1.0),Passengers transported,A,Annual,MIO_PKM,Millions of passenger-kilometres,LI,Liechtenstein,2024,,29,,,,,
dataflow,ESTAT:RAIL_PA_TOTAL(1.0),Passengers transported,A,Annual,MIO_PKM,Millions of passenger-kilometres,LT,Lithuania,2004,,283,,,,,
dataflow,ESTAT:RAIL_PA_TOTAL(1.0),Passengers transported,A,Annual,MIO_PKM,Millions of passenger-kilometres,LT,Lithuania,2005,,280,,,,,
dataflow,ESTAT:RAIL_PA_TOTAL(1.0),Passengers transported,A,Annual,MIO_PKM,Millions of passenger-kilometres,LT,Lithuania,2006,,268,,,,,
dataflow,ESTAT:RAIL_PA_TOTAL(1.0),Passengers transported,A,Annual,MIO_PKM,Millions of passenger-kilometres,LT,Lithuania,2007,,246,,,,,
dataflow,ESTAT:RAIL_PA_TOTAL(1.0),Passengers transported,A,Annual,MIO_PKM,Millions of passenger-kilometres,LT,Lithuania,2008,,258,,,,,
dataflow,ESTAT:RAIL_PA_TOTAL(1.0),Passengers transported,A,Annual,MIO_PKM,Millions of passenger-kilometres,LT,Lithuania,2009,,231,,,,,
dataflow,ESTAT:RAIL_PA_TOTAL(1.0),Passengers transported,A,Annual,MIO_PKM,Millions of passenger-kilometres,LT,Lithuania,2010,,244,,,,,
dataflow,ESTAT:RAIL_PA_TOTAL(1.0),Passengers transported,A,Annual,MIO_PKM,Millions of passenger-kilometres,LT,Lithuania,2011,,269,,,,,
dataflow,ESTAT:RAIL_PA_TOTAL(1.0),Passengers transported,A,Annual,MIO_PKM,Millions of passenger-kilometres,LT,Lithuania,2012,,278,,,,,
dataflow,ESTAT:RAIL_PA_TOTAL(1.0),Passengers transported,A,Annual,MIO_PKM,Millions of passenger-kilometres,LT,Lithuania,2013,,278,,,,,
dataflow,ESTAT:RAIL_PA_TOTAL(1.0),Passengers transported,A,Annual,MIO_PKM,Millions of passenger-kilometres,LT,Lithuania,2014,,270,,,,,
dataflow,ESTAT:RAIL_PA_TOTAL(1.0),Passengers transported,A,Annual,MIO_PKM,Millions of passenger-kilometres,LT,Lithuania,2015,,262,,,,,
dataflow,ESTAT:RAIL_PA_TOTAL(1.0),Passengers transported,A,Annual,MIO_PKM,Millions of passenger-kilometres,LT,Lithuania,2016,,280,,,,,
dataflow,ESTAT:RAIL_PA_TOTAL(1.0),Passengers transported,A,Annual,MIO_PKM,Millions of passenger-kilometres,LT,Lithuania,2017,,315,,,,,
dataflow,ESTAT:RAIL_PA_TOTAL(1.0),Passengers transported,A,Annual,MIO_PKM,Millions of passenger-kilometres,LT,Lithuania,2018,,354,,,,,
dataflow,ESTAT:RAIL_PA_TOTAL(1.0),Passengers transported,A,Annual,MIO_PKM,Millions of passenger-kilometres,LT,Lithuania,2019,,359,,,,,
dataflow,ESTAT:RAIL_PA_TOTAL(1.0),Passengers transported,A,Annual,MIO_PKM,Millions of passenger-kilometres,LT,Lithuania,2020,,237,,,,,
dataflow,ESTAT:RAIL_PA_TOTAL(1.0),Passengers transported,A,Annual,MIO_PKM,Millions of passenger-kilometres,LT,Lithuania,2021,,287,,,,,
dataflow,ESTAT:RAIL_PA_TOTAL(1.0),Passengers transported,A,Annual,MIO_PKM,Millions of passenger-kilometres,LT,Lithuania,2022,,382,,,,,
dataflow,ESTAT:RAIL_PA_TOTAL(1.0),Passengers transported,A,Annual,MIO_PKM,Millions of passenger-kilometres,LT,Lithuania,2023,,392,,,,,
dataflow,ESTAT:RAIL_PA_TOTAL(1.0),Passengers transported,A,Annual,MIO_PKM,Millions of passenger-kilometres,LT,Lithuania,2024,,441,,,,,
dataflow,ESTAT:RAIL_PA_TOTAL(1.0),Passengers transported,A,Annual,MIO_PKM,Millions of passenger-kilometres,LU,Luxembourg,2004,,253,,,,,
dataflow,ESTAT:RAIL_PA_TOTAL(1.0),Passengers transported,A,Annual,MIO_PKM,Millions of passenger-kilometres,LU,Luxembourg,2005,,267,,,,,
dataflow,ESTAT:RAIL_PA_TOTAL(1.0),Passengers transported,A,Annual,MIO_PKM,Millions of passenger-kilometres,LU,Luxembourg,2006,,298,,,,,
dataflow,ESTAT:RAIL_PA_TOTAL(1.0),Passengers transported,A,Annual,MIO_PKM,Millions of passenger-kilometres,LU,Luxembourg,2007,,316,,,,,
dataflow,ESTAT:RAIL_PA_TOTAL(1.0),Passengers transported,A,Annual,MIO_PKM,Millions of passenger-kilometres,LU,Luxembourg,2008,,345,,,,,
dataflow,ESTAT:RAIL_PA_TOTAL(1.0),Passengers transported,A,Annual,MIO_PKM,Millions of passenger-kilometres,LU,Luxembourg,2010,,347,,,,,
dataflow,ESTAT:RAIL_PA_TOTAL(1.0),Passengers transported,A,Annual,MIO_PKM,Millions of passenger-kilometres,LU,Luxembourg,2011,,349,,,,,
dataflow,ESTAT:RAIL_PA_TOTAL(1.0),Passengers transported,A,Annual,MIO_PKM,Millions of passenger-kilometres,LU,Luxembourg,2012,,373,,,,,
dataflow,ESTAT:RAIL_PA_TOTAL(1.0),Passengers transported,A,Annual,MIO_PKM,Millions of passenger-kilometres,LU,Luxembourg,2013,,394,,,,,
dataflow,ESTAT:RAIL_PA_TOTAL(1.0),Passengers transported,A,Annual,MIO_PKM,Millions of passenger-kilometres,LU,Luxembourg,2014,,366,,,,,
dataflow,ESTAT:RAIL_PA_TOTAL(1.0),Passengers transported,A,Annual,MIO_PKM,Millions of passenger-kilometres,LU,Luxembourg,2015,,418,,,,,
dataflow,ESTAT:RAIL_PA_TOTAL(1.0),Passengers transported,A,Annual,MIO_PKM,Millions of passenger-kilometres,LU,Luxembourg,2016,,417,,,,,
dataflow,ESTAT:RAIL_PA_TOTAL(1.0),Passengers transported,A,Annual,MIO_PKM,Millions of passenger-kilometres,LU,Luxembourg,2017,,438,,,,,
dataflow,ESTAT:RAIL_PA_TOTAL(1.0),Passengers transported,A,Annual,MIO_PKM,Millions of passenger-kilometres,LU,Luxembourg,2018,,443,,,,,
dataflow,ESTAT:RAIL_PA_TOTAL(1.0),Passengers transported,A,Annual,MIO_PKM,Millions of passenger-kilometres,LU,Luxembourg,2019,,463,,,,,
dataflow,ESTAT:RAIL_PA_TOTAL(1.0),Passengers transported,A,Annual,MIO_PKM,Millions of passenger-kilometres,LU,Luxembourg,2020,,268,,,,,
dataflow,ESTAT:RAIL_PA_TOTAL(1.0),Passengers transported,A,Annual,MIO_PKM,Millions of passenger-kilometres,LU,Luxembourg,2021,,304,,,,,
dataflow,ESTAT:RAIL_PA_TOTAL(1.0),Passengers transported,A,Annual,MIO_PKM,Millions of passenger-kilometres,LU,Luxembourg,2022,,389,,,,,
dataflow,ESTAT:RAIL_PA_TOTAL(1.0),Passengers transported,A,Annual,MIO_PKM,Millions of passenger-kilometres,LU,Luxembourg,2023,,505,,,,,
dataflow,ESTAT:RAIL_PA_TOTAL(1.0),Passengers transported,A,Annual,MIO_PKM,Millions of passenger-kilometres,LU,Luxembourg,2024,,556,,,,,
dataflow,ESTAT:RAIL_PA_TOTAL(1.0),Passengers transported,A,Annual,MIO_PKM,Millions of passenger-kilometres,LV,Latvia,2004,,806,,,,,
dataflow,ESTAT:RAIL_PA_TOTAL(1.0),Passengers transported,A,Annual,MIO_PKM,Millions of passenger-kilometres,LV,Latvia,2005,,889,,,,,
dataflow,ESTAT:RAIL_PA_TOTAL(1.0),Passengers transported,A,Annual,MIO_PKM,Millions of passenger-kilometres,LV,Latvia,2006,,986,,,,,
dataflow,ESTAT:RAIL_PA_TOTAL(1.0),Passengers transported,A,Annual,MIO_PKM,Millions of passenger-kilometres,LV,Latvia,2007,,975,,,,,
dataflow,ESTAT:RAIL_PA_TOTAL(1.0),Passengers transported,A,Annual,MIO_PKM,Millions of passenger-kilometres,LV,Latvia,2008,,941,,,,,
dataflow,ESTAT:RAIL_PA_TOTAL(1.0),Passengers transported,A,Annual,MIO_PKM,Millions of passenger-kilometres,LV,Latvia,2009,,748,,,,,
dataflow,ESTAT:RAIL_PA_TOTAL(1.0),Passengers transported,A,Annual,MIO_PKM,Millions of passenger-kilometres,LV,Latvia,2010,,741,,,,,
dataflow,ESTAT:RAIL_PA_TOTAL(1.0),Passengers transported,A,Annual,MIO_PKM,Millions of passenger-kilometres,LV,Latvia,2011,,733,,,,,
dataflow,ESTAT:RAIL_PA_TOTAL(1.0),Passengers transported,A,Annual,MIO_PKM,Millions of passenger-kilometres,LV,Latvia,2012,,717,,,,,
dataflow,ESTAT:RAIL_PA_TOTAL(1.0),Passengers transported,A,Annual,MIO_PKM,Millions of passenger-kilometres,LV,Latvia,2013,,721,,,,,
dataflow,ESTAT:RAIL_PA_TOTAL(1.0),Passengers transported,A,Annual,MIO_PKM,Millions of passenger-kilometres,LV,Latvia,2014,,644,,,,,
dataflow,ESTAT:RAIL_PA_TOTAL(1.0),Passengers transported,A,Annual,MIO_PKM,Millions of passenger-kilometres,LV,Latvia,2015,,590,,,,,
dataflow,ESTAT:RAIL_PA_TOTAL(1.0),Passengers transported,A,Annual,MIO_PKM,Millions of passenger-kilometres,LV,Latvia,2016,,584,,,,,
dataflow,ESTAT:RAIL_PA_TOTAL(1.0),Passengers transported,A,Annual,MIO_PKM,Millions of passenger-kilometres,LV,Latvia,2017,,596,,,,,
dataflow,ESTAT:RAIL_PA_TOTAL(1.0),Passengers transported,A,Annual,MIO_PKM,Millions of passenger-kilometres,LV,Latvia,2018,,624,,,,,
dataflow,ESTAT:RAIL_PA_TOTAL(1.0),Passengers transported,A,Annual,MIO_PKM,Millions of passenger-kilometres,LV,Latvia,2019,,643,,,,,
dataflow,ESTAT:RAIL_PA_TOTAL(1.0),Passengers transported,A,Annual,MIO_PKM,Millions of passenger-kilometres,LV,Latvia,2020,,413,,,,,
dataflow,ESTAT:RAIL_PA_TOTAL(1.0),Passengers transported,A,Annual,MIO_PKM,Millions of passenger-kilometres,LV,Latvia,2021,,361,,,,,
dataflow,ESTAT:RAIL_PA_TOTAL(1.0),Passengers transported,A,Annual,MIO_PKM,Millions of passenger-kilometres,LV,Latvia,2022,,541,,,,,
dataflow,ESTAT:RAIL_PA_TOTAL(1.0),Passengers transported,A,Annual,MIO_PKM,Millions of passenger-kilometres,LV,Latvia,2023,,612,,,,,
dataflow,ESTAT:RAIL_PA_TOTAL(1.0),Passengers transported,A,Annual,MIO_PKM,Millions of passenger-kilometres,LV,Latvia,2024,,698,,,,,
dataflow,ESTAT:RAIL_PA_TOTAL(1.0),Passengers transported,A,Annual,MIO_PKM,Millions of passenger-kilometres,ME,Montenegro,2013,,73,,,,,
dataflow,ESTAT:RAIL_PA_TOTAL(1.0),Passengers transported,A,Annual,MIO_PKM,Millions of passenger-kilometres,ME,Montenegro,2014,,76,,,,,
dataflow,ESTAT:RAIL_PA_TOTAL(1.0),Passengers transported,A,Annual,MIO_PKM,Millions of passenger-kilometres,ME,Montenegro,2015,,81,,,,,
dataflow,ESTAT:RAIL_PA_TOTAL(1.0),Passengers transported,A,Annual,MIO_PKM,Millions of passenger-kilometres,ME,Montenegro,2016,,84,,,,,
dataflow,ESTAT:RAIL_PA_TOTAL(1.0),Passengers transported,A,Annual,MIO_PKM,Millions of passenger-kilometres,ME,Montenegro,2017,,60,,,,,
dataflow,ESTAT:RAIL_PA_TOTAL(1.0),Passengers transported,A,Annual,MIO_PKM,Millions of passenger-kilometres,ME,Montenegro,2018,,67,,,,,
dataflow,ESTAT:RAIL_PA_TOTAL(1.0),Passengers transported,A,Annual,MIO_PKM,Millions of passenger-kilometres,ME,Montenegro,2019,,66,,,,,
dataflow,ESTAT:RAIL_PA_TOTAL(1.0),Passengers transported,A,Annual,MIO_PKM,Millions of passenger-kilometres,ME,Montenegro,2020,,28,,,,,
dataflow,ESTAT:RAIL_PA_TOTAL(1.0),Passengers transported,A,Annual,MIO_PKM,Millions of passenger-kilometres,ME,Montenegro,2022,,52,,,,,
dataflow,ESTAT:RAIL_PA_TOTAL(1.0),Passengers transported,A,Annual,MIO_PKM,Millions of passenger-kilometres,MK,North Macedonia,2009,,155,,,,,
dataflow,ESTAT:RAIL_PA_TOTAL(1.0),Passengers transported,A,Annual,MIO_PKM,Millions of passenger-kilometres,MK,North Macedonia,2010,,155,,,,,
dataflow,ESTAT:RAIL_PA_TOTAL(1.0),Passengers transported,A,Annual,MIO_PKM,Millions of passenger-kilometres,MK,North Macedonia,2011,,145,,,,,
dataflow,ESTAT:RAIL_PA_TOTAL(1.0),Passengers transported,A,Annual,MIO_PKM,Millions of passenger-kilometres,MK,North Macedonia,2012,,99,,,,,
dataflow,ESTAT:RAIL_PA_TOTAL(1.0),Passengers transported,A,Annual,MIO_PKM,Millions of passenger-kilometres,MK,North Macedonia,2013,,80,,,,,
dataflow,ESTAT:RAIL_PA_TOTAL(1.0),Passengers transported,A,Annual,MIO_PKM,Millions of passenger-kilometres,MK,North Macedonia,2014,,80,,,,,
dataflow,ESTAT:RAIL_PA_TOTAL(1.0),Passengers transported,A,Annual,MIO_PKM,Millions of passenger-kilometres,MK,North Macedonia,2015,,177,,,,,
dataflow,ESTAT:RAIL_PA_TOTAL(1.0),Passengers transported,A,Annual,MIO_PKM,Millions of passenger-kilometres,MK,North Macedonia,2016,,83,,,,,
dataflow,ESTAT:RAIL_PA_TOTAL(1.0),Passengers transported,A,Annual,MIO_PKM,Millions of passenger-kilometres,MK,North Macedonia,2017,,59,,,,,
dataflow,ESTAT:RAIL_PA_TOTAL(1.0),Passengers transported,A,Annual,MIO_PKM,Millions of passenger-kilometres,MK,North Macedonia,2018,,63,,,,,
dataflow,ESTAT:RAIL_PA_TOTAL(1.0),Passengers transported,A,Annual,MIO_PKM,Millions of passenger-kilometres,MK,North Macedonia,2019,,62,,,,,
dataflow,ESTAT:RAIL_PA_TOTAL(1.0),Passengers transported,A,Annual,MIO_PKM,Millions of passenger-kilometres,MK,North Macedonia,2020,,25,,,,,
dataflow,ESTAT:RAIL_PA_TOTAL(1.0),Passengers transported,A,Annual,MIO_PKM,Millions of passenger-kilometres,MK,North Macedonia,2021,,25,,,,,
dataflow,ESTAT:RAIL_PA_TOTAL(1.0),Passengers transported,A,Annual,MIO_PKM,Millions of passenger-kilometres,MK,North Macedonia,2022,,46,,,,,
dataflow,ESTAT:RAIL_PA_TOTAL(1.0),Passengers transported,A,Annual,MIO_PKM,Millions of passenger-kilometres,MK,North Macedonia,2023,,32,,,,,
dataflow,ESTAT:RAIL_PA_TOTAL(1.0),Passengers transported,A,Annual,MIO_PKM,Millions of passenger-kilometres,MK,North Macedonia,2024,,26,,,,,
dataflow,ESTAT:RAIL_PA_TOTAL(1.0),Passengers transported,A,Annual,MIO_PKM,Millions of passenger-kilometres,NL,Netherlands,2004,,14509,,,,,
dataflow,ESTAT:RAIL_PA_TOTAL(1.0),Passengers transported,A,Annual,MIO_PKM,Millions of passenger-kilometres,NL,Netherlands,2005,,15153,,,,,
dataflow,ESTAT:RAIL_PA_TOTAL(1.0),Passengers transported,A,Annual,MIO_PKM,Millions of passenger-kilometres,NL,Netherlands,2006,,15889,,,,,
dataflow,ESTAT:RAIL_PA_TOTAL(1.0),Passengers transported,A,Annual,MIO_PKM,Millions of passenger-kilometres,NL,Netherlands,2007,,16325,,,,,
dataflow,ESTAT:RAIL_PA_TOTAL(1.0),Passengers transported,A,Annual,MIO_PKM,Millions of passenger-kilometres,NL,Netherlands,2008,,,,,,C,confidential
dataflow,ESTAT:RAIL_PA_TOTAL(1.0),Passengers transported,A,Annual,MIO_PKM,Millions of passenger-kilometres,NL,Netherlands,2009,,,,,,C,confidential
dataflow,ESTAT:RAIL_PA_TOTAL(1.0),Passengers transported,A,Annual,MIO_PKM,Millions of passenger-kilometres,NL,Netherlands,2010,,,,,,C,confidential
dataflow,ESTAT:RAIL_PA_TOTAL(1.0),Passengers transported,A,Annual,MIO_PKM,Millions of passenger-kilometres,NL,Netherlands,2011,,,,,,C,confidential
dataflow,ESTAT:RAIL_PA_TOTAL(1.0),Passengers transported,A,Annual,MIO_PKM,Millions of passenger-kilometres,NL,Netherlands,2012,,,,,,C,confidential
dataflow,ESTAT:RAIL_PA_TOTAL(1.0),Passengers transported,A,Annual,MIO_PKM,Millions of passenger-kilometres,NL,Netherlands,2013,,,,,,C,confidential
dataflow,ESTAT:RAIL_PA_TOTAL(1.0),Passengers transported,A,Annual,MIO_PKM,Millions of passenger-kilometres,NL,Netherlands,2014,,,,,,C,confidential
dataflow,ESTAT:RAIL_PA_TOTAL(1.0),Passengers transported,A,Annual,MIO_PKM,Millions of passenger-kilometres,NL,Netherlands,2015,,,,,,C,confidential
dataflow,ESTAT:RAIL_PA_TOTAL(1.0),Passengers transported,A,Annual,MIO_PKM,Millions of passenger-kilometres,NL,Netherlands,2016,,,,,,C,confidential
dataflow,ESTAT:RAIL_PA_TOTAL(1.0),Passengers transported,A,Annual,MIO_PKM,Millions of passenger-kilometres,NL,Netherlands,2017,,,,,,C,confidential
dataflow,ESTAT:RAIL_PA_TOTAL(1.0),Passengers transported,A,Annual,MIO_PKM,Millions of passenger-kilometres,NL,Netherlands,2018,,,,,,C,confidential
dataflow,ESTAT:RAIL_PA_TOTAL(1.0),Passengers transported,A,Annual,MIO_PKM,Millions of passenger-kilometres,NL,Netherlands,2019,,,,,,C,confidential
dataflow,ESTAT:RAIL_PA_TOTAL(1.0),Passengers transported,A,Annual,MIO_PKM,Millions of passenger-kilometres,NL,Netherlands,2020,,,,,,C,confidential
dataflow,ESTAT:RAIL_PA_TOTAL(1.0),Passengers transported,A,Annual,MIO_PKM,Millions of passenger-kilometres,NL,Netherlands,2021,,,,,,C,confidential
dataflow,ESTAT:RAIL_PA_TOTAL(1.0),Passengers transported,A,Annual,MIO_PKM,Millions of passenger-kilometres,NL,Netherlands,2022,,,,,,C,confidential
dataflow,ESTAT:RAIL_PA_TOTAL(1.0),Passengers transported,A,Annual,MIO_PKM,Millions of passenger-kilometres,NL,Netherlands,2023,,,,,,C,confidential
dataflow,ESTAT:RAIL_PA_TOTAL(1.0),Passengers transported,A,Annual,MIO_PKM,Millions of passenger-kilometres,NL,Netherlands,2024,,17019,,,,,
dataflow,ESTAT:RAIL_PA_TOTAL(1.0),Passengers transported,A,Annual,MIO_PKM,Millions of passenger-kilometres,NO,Norway,2004,,2620,,,,,
dataflow,ESTAT:RAIL_PA_TOTAL(1.0),Passengers transported,A,Annual,MIO_PKM,Millions of passenger-kilometres,NO,Norway,2005,,2723,,,,,
dataflow,ESTAT:RAIL_PA_TOTAL(1.0),Passengers transported,A,Annual,MIO_PKM,Millions of passenger-kilometres,NO,Norway,2006,,2833,,,,,
dataflow,ESTAT:RAIL_PA_TOTAL(1.0),Passengers transported,A,Annual,MIO_PKM,Millions of passenger-kilometres,NO,Norway,2007,,2958,,,,,
dataflow,ESTAT:RAIL_PA_TOTAL(1.0),Passengers transported,A,Annual,MIO_PKM,Millions of passenger-kilometres,NO,Norway,2008,,3123,,,,,
dataflow,ESTAT:RAIL_PA_TOTAL(1.0),Passengers transported,A,Annual,MIO_PKM,Millions of passenger-kilometres,NO,Norway,2009,,3080,,,,,
dataflow,ESTAT:RAIL_PA_TOTAL(1.0),Passengers transported,A,Annual,MIO_PKM,Millions of passenger-kilometres,NO,Norway,2010,,3186,,,,,
dataflow,ESTAT:RAIL_PA_TOTAL(1.0),Passengers transported,A,Annual,MIO_PKM,Millions of passenger-kilometres,NO,Norway,2011,,3076,,,,,
dataflow,ESTAT:RAIL_PA_TOTAL(1.0),Passengers transported,A,Annual,MIO_PKM,Millions of passenger-kilometres,NO,Norway,2012,,3092,,,,,
dataflow,ESTAT:RAIL_PA_TOTAL(1.0),Passengers transported,A,Annual,MIO_PKM,Millions of passenger-kilometres,NO,Norway,2013,,3260,,,,,
dataflow,ESTAT:RAIL_PA_TOTAL(1.0),Passengers transported,A,Annual,MIO_PKM,Millions of passenger-kilometres,NO,Norway,2014,,3440,,,,,
dataflow,ESTAT:RAIL_PA_TOTAL(1.0),Passengers transported,A,Annual,MIO_PKM,Millions of passenger-kilometres,NO,Norway,2015,,3555,,,,,
dataflow,ESTAT:RAIL_PA_TOTAL(1.0),Passengers transported,A,Annual,MIO_PKM,Millions of passenger-kilometres,NO,Norway,2016,,3695,,,,,
dataflow,ESTAT:RAIL_PA_TOTAL(1.0),Passengers transported,A,Annual,MIO_PKM,Millions of passenger-kilometres,NO,Norway,2017,,3584,,,,,
dataflow,ESTAT:RAIL_PA_TOTAL(1.0),Passengers transported,A,Annual,MIO_PKM,Millions of passenger-kilometres,NO,Norway,2018,,3722,,,,,
dataflow,ESTAT:RAIL_PA_TOTAL(1.0),Passengers transported,A,Annual,MIO_PKM,Millions of passenger-kilometres,NO,Norway,2019,,3715,,,,,
dataflow,ESTAT:RAIL_PA_TOTAL(1.0),Passengers transported,A,Annual,MIO_PKM,Millions of passenger-kilometres,NO,Norway,2020,,1804,,,,,
dataflow,ESTAT:RAIL_PA_TOTAL(1.0),Passengers transported,A,Annual,MIO_PKM,Millions of passenger-kilometres,NO,Norway,2021,,1780,,,,,
dataflow,ESTAT:RAIL_PA_TOTAL(1.0),Passengers transported,A,Annual,MIO_PKM,Millions of passenger-kilometres,NO,Norway,2022,,3079,,,,,
dataflow,ESTAT:RAIL_PA_TOTAL(1.0),Passengers transported,A,Annual,MIO_PKM,Millions of passenger-kilometres,NO,Norway,2023,,3513,,,,,
dataflow,ESTAT:RAIL_PA_TOTAL(1.0),Passengers transported,A,Annual,MIO_PKM,Millions of passenger-kilometres,NO,Norway,2024,,3876,,,,,
dataflow,ESTAT:RAIL_PA_TOTAL(1.0),Passengers transported,A,Annual,MIO_PKM,Millions of passenger-kilometres,PL,Poland,2004,,18430,,,,,
dataflow,ESTAT:RAIL_PA_TOTAL(1.0),Passengers transported,A,Annual,MIO_PKM,Millions of passenger-kilometres,PL,Poland,2005,,17882,,,,,
dataflow,ESTAT:RAIL_PA_TOTAL(1.0),Passengers transported,A,Annual,MIO_PKM,Millions of passenger-kilometres,PL,Poland,2006,,18240,,,,,
dataflow,ESTAT:RAIL_PA_TOTAL(1.0),Passengers transported,A,Annual,MIO_PKM,Millions of passenger-kilometres,PL,Poland,2007,,19524,,,,,
dataflow,ESTAT:RAIL_PA_TOTAL(1.0),Passengers transported,A,Annual,MIO_PKM,Millions of passenger-kilometres,PL,Poland,2008,,19762,,,,,
dataflow,ESTAT:RAIL_PA_TOTAL(1.0),Passengers transported,A,Annual,MIO_PKM,Millions of passenger-kilometres,PL,Poland,2009,,18128,,,,,
dataflow,ESTAT:RAIL_PA_TOTAL(1.0),Passengers transported,A,Annual,MIO_PKM,Millions of passenger-kilometres,PL,Poland,2010,,17485,,,,,
dataflow,ESTAT:RAIL_PA_TOTAL(1.0),Passengers transported,A,Annual,MIO_PKM,Millions of passenger-kilometres,PL,Poland,2011,,17633,,,,,
dataflow,ESTAT:RAIL_PA_TOTAL(1.0),Passengers transported,A,Annual,MIO_PKM,Millions of passenger-kilometres,PL,Poland,2012,,17674,,,,,
dataflow,ESTAT:RAIL_PA_TOTAL(1.0),Passengers transported,A,Annual,MIO_PKM,Millions of passenger-kilometres,PL,Poland,2013,,16659,,,,,
dataflow,ESTAT:RAIL_PA_TOTAL(1.0),Passengers transported,A,Annual,MIO_PKM,Millions of passenger-kilometres,PL,Poland,2014,,15885,,,,,
dataflow,ESTAT:RAIL_PA_TOTAL(1.0),Passengers transported,A,Annual,MIO_PKM,Millions of passenger-kilometres,PL,Poland,2015,,17240,,,,,
dataflow,ESTAT:RAIL_PA_TOTAL(1.0),Passengers transported,A,Annual,MIO_PKM,Millions of passenger-kilometres,PL,Poland,2016,,19067,,,,,
dataflow,ESTAT:RAIL_PA_TOTAL(1.0),Passengers transported,A,Annual,MIO_PKM,Millions of passenger-kilometres,PL,Poland,2017,,20215,,,,,
dataflow,ESTAT:RAIL_PA_TOTAL(1.0),Passengers transported,A,Annual,MIO_PKM,Millions of passenger-kilometres,PL,Poland,2018,,,,,,C,confidential
dataflow,ESTAT:RAIL_PA_TOTAL(1.0),Passengers transported,A,Annual,MIO_PKM,Millions of passenger-kilometres,PL,Poland,2019,,,,,,C,confidential
dataflow,ESTAT:RAIL_PA_TOTAL(1.0),Passengers transported,A,Annual,MIO_PKM,Millions of passenger-kilometres,PL,Poland,2020,,,,,,C,confidential
dataflow,ESTAT:RAIL_PA_TOTAL(1.0),Passengers transported,A,Annual,MIO_PKM,Millions of passenger-kilometres,PL,Poland,2021,,,,,,C,confidential
dataflow,ESTAT:RAIL_PA_TOTAL(1.0),Passengers transported,A,Annual,MIO_PKM,Millions of passenger-kilometres,PL,Poland,2022,,,,,,C,confidential
dataflow,ESTAT:RAIL_PA_TOTAL(1.0),Passengers transported,A,Annual,MIO_PKM,Millions of passenger-kilometres,PL,Poland,2023,,,,,,C,confidential
dataflow,ESTAT:RAIL_PA_TOTAL(1.0),Passengers transported,A,Annual,MIO_PKM,Millions of passenger-kilometres,PL,Poland,2024,,,,,,C,confidential
dataflow,ESTAT:RAIL_PA_TOTAL(1.0),Passengers transported,A,Annual,MIO_PKM,Millions of passenger-kilometres,PT,Portugal,2004,,3752,,,,,
dataflow,ESTAT:RAIL_PA_TOTAL(1.0),Passengers transported,A,Annual,MIO_PKM,Millions of passenger-kilometres,PT,Portugal,2005,,3809,,,,,
dataflow,ESTAT:RAIL_PA_TOTAL(1.0),Passengers transported,A,Annual,MIO_PKM,Millions of passenger-kilometres,PT,Portugal,2006,,3876,,,,,
dataflow,ESTAT:RAIL_PA_TOTAL(1.0),Passengers transported,A,Annual,MIO_PKM,Millions of passenger-kilometres,PT,Portugal,2007,,3987,,,,,
dataflow,ESTAT:RAIL_PA_TOTAL(1.0),Passengers transported,A,Annual,MIO_PKM,Millions of passenger-kilometres,PT,Portugal,2008,,4213,,,,,
dataflow,ESTAT:RAIL_PA_TOTAL(1.0),Passengers transported,A,Annual,MIO_PKM,Millions of passenger-kilometres,PT,Portugal,2009,,4213,,,,,
dataflow,ESTAT:RAIL_PA_TOTAL(1.0),Passengers transported,A,Annual,MIO_PKM,Millions of passenger-kilometres,PT,Portugal,2010,,4111,,,,,
dataflow,ESTAT:RAIL_PA_TOTAL(1.0),Passengers transported,A,Annual,MIO_PKM,Millions of passenger-kilometres,PT,Portugal,2011,,4237,,,,,
dataflow,ESTAT:RAIL_PA_TOTAL(1.0),Passengers transported,A,Annual,MIO_PKM,Millions of passenger-kilometres,PT,Portugal,2012,,3803,,,,,
dataflow,ESTAT:RAIL_PA_TOTAL(1.0),Passengers transported,A,Annual,MIO_PKM,Millions of passenger-kilometres,PT,Portugal,2013,,3649,,,,,
dataflow,ESTAT:RAIL_PA_TOTAL(1.0),Passengers transported,A,Annual,MIO_PKM,Millions of passenger-kilometres,PT,Portugal,2014,,3852,,,,,
dataflow,ESTAT:RAIL_PA_TOTAL(1.0),Passengers transported,A,Annual,MIO_PKM,Millions of passenger-kilometres,PT,Portugal,2015,,3957,,,,,
dataflow,ESTAT:RAIL_PA_TOTAL(1.0),Passengers transported,A,Annual,MIO_PKM,Millions of passenger-kilometres,PT,Portugal,2016,,4266,,,,,
dataflow,ESTAT:RAIL_PA_TOTAL(1.0),Passengers transported,A,Annual,MIO_PKM,Millions of passenger-kilometres,PT,Portugal,2017,,4516,,,,,
dataflow,ESTAT:RAIL_PA_TOTAL(1.0),Passengers transported,A,Annual,MIO_PKM,Millions of passenger-kilometres,PT,Portugal,2018,,4570,,,,,
dataflow,ESTAT:RAIL_PA_TOTAL(1.0),Passengers transported,A,Annual,MIO_PKM,Millions of passenger-kilometres,PT,Portugal,2019,,5055,,,,,
dataflow,ESTAT:RAIL_PA_TOTAL(1.0),Passengers transported,A,Annual,MIO_PKM,Millions of passenger-kilometres,PT,Portugal,2020,,2563,,,,,
dataflow,ESTAT:RAIL_PA_TOTAL(1.0),Passengers transported,A,Annual,MIO_PKM,Millions of passenger-kilometres,PT,Portugal,2021,,2912,,,,,
dataflow,ESTAT:RAIL_PA_TOTAL(1.0),Passengers transported,A,Annual,MIO_PKM,Millions of passenger-kilometres,PT,Portugal,2022,,4419,,,,,
dataflow,ESTAT:RAIL_PA_TOTAL(1.0),Passengers transported,A,Annual,MIO_PKM,Millions of passenger-kilometres,PT,Portugal,2023,,4829,,,,,
dataflow,ESTAT:RAIL_PA_TOTAL(1.0),Passengers transported,A,Annual,MIO_PKM,Millions of passenger-kilometres,PT,Portugal,2024,,5447,,,,,
dataflow,ESTAT:RAIL_PA_TOTAL(1.0),Passengers transported,A,Annual,MIO_PKM,Millions of passenger-kilometres,RO,Romania,2004,,8638,,,,,
dataflow,ESTAT:RAIL_PA_TOTAL(1.0),Passengers transported,A,Annual,MIO_PKM,Millions of passenger-kilometres,RO,Romania,2005,,7985,,,,,
dataflow,ESTAT:RAIL_PA_TOTAL(1.0),Passengers transported,A,Annual,MIO_PKM,Millions of passenger-kilometres,RO,Romania,2006,,8092,,,,,
dataflow,ESTAT:RAIL_PA_TOTAL(1.0),Passengers transported,A,Annual,MIO_PKM,Millions of passenger-kilometres,RO,Romania,2007,,7476,,,,,
dataflow,ESTAT:RAIL_PA_TOTAL(1.0),Passengers transported,A,Annual,MIO_PKM,Millions of passenger-kilometres,RO,Romania,2008,,6958,,,,,
dataflow,ESTAT:RAIL_PA_TOTAL(1.0),Passengers transported,A,Annual,MIO_PKM,Millions of passenger-kilometres,RO,Romania,2009,,6128,,,,,
dataflow,ESTAT:RAIL_PA_TOTAL(1.0),Passengers transported,A,Annual,MIO_PKM,Millions of passenger-kilometres,RO,Romania,2010,,5437,,,,,
dataflow,ESTAT:RAIL_PA_TOTAL(1.0),Passengers transported,A,Annual,MIO_PKM,Millions of passenger-kilometres,RO,Romania,2011,,5063,,,,,
dataflow,ESTAT:RAIL_PA_TOTAL(1.0),Passengers transported,A,Annual,MIO_PKM,Millions of passenger-kilometres,RO,Romania,2012,,4550,,,,,
dataflow,ESTAT:RAIL_PA_TOTAL(1.0),Passengers transported,A,Annual,MIO_PKM,Millions of passenger-kilometres,RO,Romania,2013,,4382,,,,,
dataflow,ESTAT:RAIL_PA_TOTAL(1.0),Passengers transported,A,Annual,MIO_PKM,Millions of passenger-kilometres,RO,Romania,2014,,4971,,,,,
dataflow,ESTAT:RAIL_PA_TOTAL(1.0),Passengers transported,A,Annual,MIO_PKM,Millions of passenger-kilometres,RO,Romania,2015,,5148,,,,,
dataflow,ESTAT:RAIL_PA_TOTAL(1.0),Passengers transported,A,Annual,MIO_PKM,Millions of passenger-kilometres,RO,Romania,2016,,4988,,,,,
dataflow,ESTAT:RAIL_PA_TOTAL(1.0),Passengers transported,A,Annual,MIO_PKM,Millions of passenger-kilometres,RO,Romania,2017,,5663,,,,,
dataflow,ESTAT:RAIL_PA_TOTAL(1.0),Passengers transported,A,Annual,MIO_PKM,Millions of passenger-kilometres,RO,Romania,2018,,5577,,,,,
dataflow,ESTAT:RAIL_PA_TOTAL(1.0),Passengers transported,A,Annual,MIO_PKM,Millions of passenger-kilometres,RO,Romania,2019,,5906,,,,,
dataflow,ESTAT:RAIL_PA_TOTAL(1.0),Passengers transported,A,Annual,MIO_PKM,Millions of passenger-kilometres,RO,Romania,2020,,3720,,,,,
dataflow,ESTAT:RAIL_PA_TOTAL(1.0),Passengers transported,A,Annual,MIO_PKM,Millions of passenger-kilometres,RO,Romania,2021,,4271,,,,,
dataflow,ESTAT:RAIL_PA_TOTAL(1.0),Passengers transported,A,Annual,MIO_PKM,Millions of passenger-kilometres,RO,Romania,2022,,5795,,,,,
dataflow,ESTAT:RAIL_PA_TOTAL(1.0),Passengers transported,A,Annual,MIO_PKM,Millions of passenger-kilometres,RO,Romania,2023,,6151,,,,,
dataflow,ESTAT:RAIL_PA_TOTAL(1.0),Passengers transported,A,Annual,MIO_PKM,Millions of passenger-kilometres,RO,Romania,2024,,5942,,,,,
dataflow,ESTAT:RAIL_PA_TOTAL(1.0),Passengers transported,A,Annual,MIO_PKM,Millions of passenger-kilometres,SE,Sweden,2004,,8634,,,,,
dataflow,ESTAT:RAIL_PA_TOTAL(1.0),Passengers transported,A,Annual,MIO_PKM,Millions of passenger-kilometres,SE,Sweden,2005,,8910,,,,,
dataflow,ESTAT:RAIL_PA_TOTAL(1.0),Passengers transported,A,Annual,MIO_PKM,Millions of passenger-kilometres,SE,Sweden,2006,,9617,,,,,
dataflow,ESTAT:RAIL_PA_TOTAL(1.0),Passengers transported,A,Annual,MIO_PKM,Millions of passenger-kilometres,SE,Sweden,2007,,10261,,,,,
dataflow,ESTAT:RAIL_PA_TOTAL(1.0),Passengers transported,A,Annual,MIO_PKM,Millions of passenger-kilometres,SE,Sweden,2008,,11146,,,,,
dataflow,ESTAT:RAIL_PA_TOTAL(1.0),Passengers transported,A,Annual,MIO_PKM,Millions of passenger-kilometres,SE,Sweden,2009,,11321,,,,,
dataflow,ESTAT:RAIL_PA_TOTAL(1.0),Passengers transported,A,Annual,MIO_PKM,Millions of passenger-kilometres,SE,Sweden,2010,,11155,,,,,
dataflow,ESTAT:RAIL_PA_TOTAL(1.0),Passengers transported,A,Annual,MIO_PKM,Millions of passenger-kilometres,SE,Sweden,2011,,11379,,,,,
dataflow,ESTAT:RAIL_PA_TOTAL(1.0),Passengers transported,A,Annual,MIO_PKM,Millions of passenger-kilometres,SE,Sweden,2012,,11792,,,,,
dataflow,ESTAT:RAIL_PA_TOTAL(1.0),Passengers transported,A,Annual,MIO_PKM,Millions of passenger-kilometres,SE,Sweden,2013,,11842,,,,,
dataflow,ESTAT:RAIL_PA_TOTAL(1.0),Passengers transported,A,Annual,MIO_PKM,Millions of passenger-kilometres,SE,Sweden,2014,,12121,,,,,
dataflow,ESTAT:RAIL_PA_TOTAL(1.0),Passengers transported,A,Annual,MIO_PKM,Millions of passenger-kilometres,SE,Sweden,2015,,12741,,,,,
dataflow,ESTAT:RAIL_PA_TOTAL(1.0),Passengers transported,A,Annual,MIO_PKM,Millions of passenger-kilometres,SE,Sweden,2016,,12800,,,,,
dataflow,ESTAT:RAIL_PA_TOTAL(1.0),Passengers transported,A,Annual,MIO_PKM,Millions of passenger-kilometres,SE,Sweden,2017,,13331,,,,,
dataflow,ESTAT:RAIL_PA_TOTAL(1.0),Passengers transported,A,Annual,MIO_PKM,Millions of passenger-kilometres,SE,Sweden,2018,,13547,,,,,
dataflow,ESTAT:RAIL_PA_TOTAL(1.0),Passengers transported,A,Annual,MIO_PKM,Millions of passenger-kilometres,SE,Sweden,2019,,14617,,,,,
dataflow,ESTAT:RAIL_PA_TOTAL(1.0),Passengers transported,A,Annual,MIO_PKM,Millions of passenger-kilometres,SE,Sweden,2020,,8129,,,,,
dataflow,ESTAT:RAIL_PA_TOTAL(1.0),Passengers transported,A,Annual,MIO_PKM,Millions of passenger-kilometres,SE,Sweden,2021,,8027,,,,,
dataflow,ESTAT:RAIL_PA_TOTAL(1.0),Passengers transported,A,Annual,MIO_PKM,Millions of passenger-kilometres,SE,Sweden,2022,,12879,,,,,
dataflow,ESTAT:RAIL_PA_TOTAL(1.0),Passengers transported,A,Annual,MIO_PKM,Millions of passenger-kilometres,SE,Sweden,2023,,13308,,,,,
dataflow,ESTAT:RAIL_PA_TOTAL(1.0),Passengers transported,A,Annual,MIO_PKM,Millions of passenger-kilometres,SE,Sweden,2024,,13626,,,,,
dataflow,ESTAT:RAIL_PA_TOTAL(1.0),Passengers transported,A,Annual,MIO_PKM,Millions of passenger-kilometres,SI,Slovenia,2004,,695,,,,,
dataflow,ESTAT:RAIL_PA_TOTAL(1.0),Passengers transported,A,Annual,MIO_PKM,Millions of passenger-kilometres,SI,Slovenia,2005,,716,,,,,
dataflow,ESTAT:RAIL_PA_TOTAL(1.0),Passengers transported,A,Annual,MIO_PKM,Millions of passenger-kilometres,SI,Slovenia,2006,,724,,,,,
dataflow,ESTAT:RAIL_PA_TOTAL(1.0),Passengers transported,A,Annual,MIO_PKM,Millions of passenger-kilometres,SI,Slovenia,2007,,740,,,,,
dataflow,ESTAT:RAIL_PA_TOTAL(1.0),Passengers transported,A,Annual,MIO_PKM,Millions of passenger-kilometres,SI,Slovenia,2008,,765,,,,,
dataflow,ESTAT:RAIL_PA_TOTAL(1.0),Passengers transported,A,Annual,MIO_PKM,Millions of passenger-kilometres,SI,Slovenia,2009,,773,,,,,
dataflow,ESTAT:RAIL_PA_TOTAL(1.0),Passengers transported,A,Annual,MIO_PKM,Millions of passenger-kilometres,SI,Slovenia,2010,,729,,,,,
dataflow,ESTAT:RAIL_PA_TOTAL(1.0),Passengers transported,A,Annual,MIO_PKM,Millions of passenger-kilometres,SI,Slovenia,2011,,689,,,,,
dataflow,ESTAT:RAIL_PA_TOTAL(1.0),Passengers transported,A,Annual,MIO_PKM,Millions of passenger-kilometres,SI,Slovenia,2012,,659,,,,,
dataflow,ESTAT:RAIL_PA_TOTAL(1.0),Passengers transported,A,Annual,MIO_PKM,Millions of passenger-kilometres,SI,Slovenia,2013,,679,,,,,
dataflow,ESTAT:RAIL_PA_TOTAL(1.0),Passengers transported,A,Annual,MIO_PKM,Millions of passenger-kilometres,SI,Slovenia,2014,,620,,,,,
dataflow,ESTAT:RAIL_PA_TOTAL(1.0),Passengers transported,A,Annual,MIO_PKM,Millions of passenger-kilometres,SI,Slovenia,2015,,628,,,,,
dataflow,ESTAT:RAIL_PA_TOTAL(1.0),Passengers transported,A,Annual,MIO_PKM,Millions of passenger-kilometres,SI,Slovenia,2016,,611,,,,,
dataflow,ESTAT:RAIL_PA_TOTAL(1.0),Passengers transported,A,Annual,MIO_PKM,Millions of passenger-kilometres,SI,Slovenia,2017,,570,,,,,
dataflow,ESTAT:RAIL_PA_TOTAL(1.0),Passengers transported,A,Annual,MIO_PKM,Millions of passenger-kilometres,SI,Slovenia,2018,,568,,,,,
dataflow,ESTAT:RAIL_PA_TOTAL(1.0),Passengers transported,A,Annual,MIO_PKM,Millions of passenger-kilometres,SI,Slovenia,2019,,572,,,,,
dataflow,ESTAT:RAIL_PA_TOTAL(1.0),Passengers transported,A,Annual,MIO_PKM,Millions of passenger-kilometres,SI,Slovenia,2020,,338,,,,,
dataflow,ESTAT:RAIL_PA_TOTAL(1.0),Passengers transported,A,Annual,MIO_PKM,Millions of passenger-kilometres,SI,Slovenia,2021,,504,,,,,
dataflow,ESTAT:RAIL_PA_TOTAL(1.0),Passengers transported,A,Annual,MIO_PKM,Millions of passenger-kilometres,SI,Slovenia,2022,,645,,,,,
dataflow,ESTAT:RAIL_PA_TOTAL(1.0),Passengers transported,A,Annual,MIO_PKM,Millions of passenger-kilometres,SI,Slovenia,2023,,742,,,,,
dataflow,ESTAT:RAIL_PA_TOTAL(1.0),Passengers transported,A,Annual,MIO_PKM,Millions of passenger-kilometres,SI,Slovenia,2024,,886,,,,,
dataflow,ESTAT:RAIL_PA_TOTAL(1.0),Passengers transported,A,Annual,MIO_PKM,Millions of passenger-kilometres,SK,Slovakia,2004,,2228,,,,,
dataflow,ESTAT:RAIL_PA_TOTAL(1.0),Passengers transported,A,Annual,MIO_PKM,Millions of passenger-kilometres,SK,Slovakia,2005,,2182,,,,,
dataflow,ESTAT:RAIL_PA_TOTAL(1.0),Passengers transported,A,Annual,MIO_PKM,Millions of passenger-kilometres,SK,Slovakia,2006,,2213,,,,,
dataflow,ESTAT:RAIL_PA_TOTAL(1.0),Passengers transported,A,Annual,MIO_PKM,Millions of passenger-kilometres,SK,Slovakia,2007,,2165,,,,,
dataflow,ESTAT:RAIL_PA_TOTAL(1.0),Passengers transported,A,Annual,MIO_PKM,Millions of passenger-kilometres,SK,Slovakia,2008,,2296,,,,,
dataflow,ESTAT:RAIL_PA_TOTAL(1.0),Passengers transported,A,Annual,MIO_PKM,Millions of passenger-kilometres,SK,Slovakia,2009,,2264,,,,,
dataflow,ESTAT:RAIL_PA_TOTAL(1.0),Passengers transported,A,Annual,MIO_PKM,Millions of passenger-kilometres,SK,Slovakia,2010,,2309,,,,,
dataflow,ESTAT:RAIL_PA_TOTAL(1.0),Passengers transported,A,Annual,MIO_PKM,Millions of passenger-kilometres,SK,Slovakia,2011,,2431,,,,,
dataflow,ESTAT:RAIL_PA_TOTAL(1.0),Passengers transported,A,Annual,MIO_PKM,Millions of passenger-kilometres,SK,Slovakia,2012,,2459,,,,,
dataflow,ESTAT:RAIL_PA_TOTAL(1.0),Passengers transported,A,Annual,MIO_PKM,Millions of passenger-kilometres,SK,Slovakia,2013,,2485,,,,,
dataflow,ESTAT:RAIL_PA_TOTAL(1.0),Passengers transported,A,Annual,MIO_PKM,Millions of passenger-kilometres,SK,Slovakia,2014,,2583,,,,,
dataflow,ESTAT:RAIL_PA_TOTAL(1.0),Passengers transported,A,Annual,MIO_PKM,Millions of passenger-kilometres,SK,Slovakia,2015,,3411,,,,,
dataflow,ESTAT:RAIL_PA_TOTAL(1.0),Passengers transported,A,Annual,MIO_PKM,Millions of passenger-kilometres,SK,Slovakia,2016,,3484,,,,,
dataflow,ESTAT:RAIL_PA_TOTAL(1.0),Passengers transported,A,Annual,MIO_PKM,Millions of passenger-kilometres,SK,Slovakia,2017,,3754,,,,,
dataflow,ESTAT:RAIL_PA_TOTAL(1.0),Passengers transported,A,Annual,MIO_PKM,Millions of passenger-kilometres,SK,Slovakia,2018,,3792,,,,,
dataflow,ESTAT:RAIL_PA_TOTAL(1.0),Passengers transported,A,Annual,MIO_PKM,Millions of passenger-kilometres,SK,Slovakia,2019,,3957,,,,,
dataflow,ESTAT:RAIL_PA_TOTAL(1.0),Passengers transported,A,Annual,MIO_PKM,Millions of passenger-kilometres,SK,Slovakia,2020,,2133,,,,,
dataflow,ESTAT:RAIL_PA_TOTAL(1.0),Passengers transported,A,Annual,MIO_PKM,Millions of passenger-kilometres,SK,Slovakia,2021,,1969,,,,,
dataflow,ESTAT:RAIL_PA_TOTAL(1.0),Passengers transported,A,Annual,MIO_PKM,Millions of passenger-kilometres,SK,Slovakia,2022,,3168,,,,,
dataflow,ESTAT:RAIL_PA_TOTAL(1.0),Passengers transported,A,Annual,MIO_PKM,Millions of passenger-kilometres,SK,Slovakia,2023,,3543,,,,,
dataflow,ESTAT:RAIL_PA_TOTAL(1.0),Passengers transported,A,Annual,MIO_PKM,Millions of passenger-kilometres,SK,Slovakia,2024,,3571,,,,,
dataflow,ESTAT:RAIL_PA_TOTAL(1.0),Passengers transported,A,Annual,MIO_PKM,Millions of passenger-kilometres,TR,Trkiye,2004,,5237,,,,,
dataflow,ESTAT:RAIL_PA_TOTAL(1.0),Passengers transported,A,Annual,MIO_PKM,Millions of passenger-kilometres,TR,Trkiye,2005,,5036,,,,,
dataflow,ESTAT:RAIL_PA_TOTAL(1.0),Passengers transported,A,Annual,MIO_PKM,Millions of passenger-kilometres,TR,Trkiye,2006,,5277,,,,,
dataflow,ESTAT:RAIL_PA_TOTAL(1.0),Passengers transported,A,Annual,MIO_PKM,Millions of passenger-kilometres,TR,Trkiye,2007,,5553,,,,,
dataflow,ESTAT:RAIL_PA_TOTAL(1.0),Passengers transported,A,Annual,MIO_PKM,Millions of passenger-kilometres,TR,Trkiye,2008,,5097,,,,,
dataflow,ESTAT:RAIL_PA_TOTAL(1.0),Passengers transported,A,Annual,MIO_PKM,Millions of passenger-kilometres,TR,Trkiye,2009,,5374,,,,,
dataflow,ESTAT:RAIL_PA_TOTAL(1.0),Passengers transported,A,Annual,MIO_PKM,Millions of passenger-kilometres,TR,Trkiye,2010,,5491,,,,,
dataflow,ESTAT:RAIL_PA_TOTAL(1.0),Passengers transported,A,Annual,MIO_PKM,Millions of passenger-kilometres,TR,Trkiye,2011,,4002,,,,,
dataflow,ESTAT:RAIL_PA_TOTAL(1.0),Passengers transported,A,Annual,MIO_PKM,Millions of passenger-kilometres,TR,Trkiye,2012,,3006,,,,,
dataflow,ESTAT:RAIL_PA_TOTAL(1.0),Passengers transported,A,Annual,MIO_PKM,Millions of passenger-kilometres,TR,Trkiye,2013,,3020,,,,,
dataflow,ESTAT:RAIL_PA_TOTAL(1.0),Passengers transported,A,Annual,MIO_PKM,Millions of passenger-kilometres,TR,Trkiye,2014,,3458,,,,,
dataflow,ESTAT:RAIL_PA_TOTAL(1.0),Passengers transported,A,Annual,MIO_PKM,Millions of passenger-kilometres,TR,Trkiye,2015,,3708,,,,,
dataflow,ESTAT:RAIL_PA_TOTAL(1.0),Passengers transported,A,Annual,MIO_PKM,Millions of passenger-kilometres,TR,Trkiye,2016,,3323,,,,,
dataflow,ESTAT:RAIL_PA_TOTAL(1.0),Passengers transported,A,Annual,MIO_PKM,Millions of passenger-kilometres,TR,Trkiye,2017,,3633,,,,,
dataflow,ESTAT:RAIL_PA_TOTAL(1.0),Passengers transported,A,Annual,MIO_PKM,Millions of passenger-kilometres,TR,Trkiye,2018,,4374,,,,,
dataflow,ESTAT:RAIL_PA_TOTAL(1.0),Passengers transported,A,Annual,MIO_PKM,Millions of passenger-kilometres,TR,Trkiye,2019,,4912,,,,,
dataflow,ESTAT:RAIL_PA_TOTAL(1.0),Passengers transported,A,Annual,MIO_PKM,Millions of passenger-kilometres,TR,Trkiye,2020,,1520,,,,,
dataflow,ESTAT:RAIL_PA_TOTAL(1.0),Passengers transported,A,Annual,MIO_PKM,Millions of passenger-kilometres,TR,Trkiye,2021,,2251,,,,,
dataflow,ESTAT:RAIL_PA_TOTAL(1.0),Passengers transported,A,Annual,MIO_PKM,Millions of passenger-kilometres,TR,Trkiye,2022,,5922,,,,,
dataflow,ESTAT:RAIL_PA_TOTAL(1.0),Passengers transported,A,Annual,MIO_PKM,Millions of passenger-kilometres,TR,Trkiye,2023,,6245,,,,,
dataflow,ESTAT:RAIL_PA_TOTAL(1.0),Passengers transported,A,Annual,MIO_PKM,Millions of passenger-kilometres,TR,Trkiye,2024,,6273,,,,,
dataflow,ESTAT:RAIL_PA_TOTAL(1.0),Passengers transported,A,Annual,MIO_PKM,Millions of passenger-kilometres,UK,United Kingdom,2004,,43474,,,,,
dataflow,ESTAT:RAIL_PA_TOTAL(1.0),Passengers transported,A,Annual,MIO_PKM,Millions of passenger-kilometres,UK,United Kingdom,2005,,44642,,,,,
dataflow,ESTAT:RAIL_PA_TOTAL(1.0),Passengers transported,A,Annual,MIO_PKM,Millions of passenger-kilometres,UK,United Kingdom,2006,,47297,,,,,
dataflow,ESTAT:RAIL_PA_TOTAL(1.0),Passengers transported,A,Annual,MIO_PKM,Millions of passenger-kilometres,UK,United Kingdom,2007,,50474,,,,,
dataflow,ESTAT:RAIL_PA_TOTAL(1.0),Passengers transported,A,Annual,MIO_PKM,Millions of passenger-kilometres,UK,United Kingdom,2008,,53002,,,,,
dataflow,ESTAT:RAIL_PA_TOTAL(1.0),Passengers transported,A,Annual,MIO_PKM,Millions of passenger-kilometres,UK,United Kingdom,2009,,52765,,,,,
dataflow,ESTAT:RAIL_PA_TOTAL(1.0),Passengers transported,A,Annual,MIO_PKM,Millions of passenger-kilometres,UK,United Kingdom,2010,,55831,,,,,
dataflow,ESTAT:RAIL_PA_TOTAL(1.0),Passengers transported,A,Annual,MIO_PKM,Millions of passenger-kilometres,UK,United Kingdom,2011,,58462,,,,,
dataflow,ESTAT:RAIL_PA_TOTAL(1.0),Passengers transported,A,Annual,MIO_PKM,Millions of passenger-kilometres,UK,United Kingdom,2012,,60783,,,,,
dataflow,ESTAT:RAIL_PA_TOTAL(1.0),Passengers transported,A,Annual,MIO_PKM,Millions of passenger-kilometres,UK,United Kingdom,2013,,61950,,,,,
dataflow,ESTAT:RAIL_PA_TOTAL(1.0),Passengers transported,A,Annual,MIO_PKM,Millions of passenger-kilometres,UK,United Kingdom,2014,,64711,,,,,
dataflow,ESTAT:RAIL_PA_TOTAL(1.0),Passengers transported,A,Annual,MIO_PKM,Millions of passenger-kilometres,UK,United Kingdom,2015,,66594,,,,,
dataflow,ESTAT:RAIL_PA_TOTAL(1.0),Passengers transported,A,Annual,MIO_PKM,Millions of passenger-kilometres,UK,United Kingdom,2016,,68010,,,,,
dataflow,ESTAT:RAIL_PA_TOTAL(1.0),Passengers transported,A,Annual,MIO_PKM,Millions of passenger-kilometres,UK,United Kingdom,2017,,68912,,,,,
dataflow,ESTAT:RAIL_PA_TOTAL(1.0),Passengers transported,A,Annual,MIO_PKM,Millions of passenger-kilometres,UK,United Kingdom,2018,,69706,,,,,
dataflow,ESTAT:RAIL_PA_TOTAL(1.0),Passengers transported,A,Annual,MIO_PKM,Millions of passenger-kilometres,UK,United Kingdom,2019,,71823,,,,,
